Session	Date	Time CET (Local Time)	Room	Track	Pres. Order	Session Name 	Paper ID	Paper Title	Author	Length	Category	Presentation Preference	New Presentation Mode	Chair	Chair email
Session 2	2024-03-18	11:00	Carlson (176)	Efficient/Low-resource methods in NLP	1	Machine Learning for NLP	317	Extreme Fine-tuning: A Novel and Fast Fine-tuning Approach for Text Classification	Boonnithi Jiaramaneepinit, Thodsaporn Chay-intr, Kotaro Funakoshi, Manabu Okumura	Long 12/2.5/.5	Oral 	In Person		Dr. Bart Desmet	bart.desmet@gmail.com
Session 2	2024-03-18	11:15	Carlson (176)	Machine Learning for NLP	2	Machine Learning for NLP	198	Plan-Grounded Large Language Models for Dual Goal Conversational Settings	Diogo Glória-Silva, Rafael Ferreira, Diogo Tavares, David Semedo, Joao Magalhaes	Long 12/2.5/.5	Oral 	In Person			
Session 2	2024-03-18	11:30	Carlson (176)	Machine Learning for NLP	3	Machine Learning for NLP	351	TESS: Text-to-Text Self-Conditioned Simplex Diffusion	Rabeeh Karimi mahabadi, Hamish Ivison, Jaesung Tae, James Henderson, Iz Beltagy, Matthew E Peters, Arman Cohan	Long 12/2.5/.5	Oral 	In Person			
Session 2	2024-03-18	11:45	Carlson (176)	Machine Learning for NLP	4	Machine Learning for NLP	446	Dynamic Masking Rate Schedules for MLM Pretraining	Zachary Ankner, Naomi Saphra, Davis Blalock, Jonathan Frankle, Matthew L Leavitt	Long 12/2.5/.5	Oral 	Unconfirmed			
Session 2	2024-03-18	12:00	Carlson (176)	Machine Learning for NLP	5	Machine Learning for NLP	458	Gradient-Based Language Model Red Teaming	Nevan Wichers, Carson Denison, Ahmad Beirami	Long 12/2.5/.5	Oral 	In Person			
Session 2	2024-03-18	12:15	Carlson (176)	NLP Applications	6	Machine Learning for NLP	107	A* shortest string decoding for non-idempotent semirings	Kyle Gorman, Cyril Allauzen	Long 12/2.5/.5	Oral 	In Person			
Session 2	2024-03-18	11:00	Marie Louise 1 (90)	Computational Social Science and Cultural Analytics	1	Factual Content in NLP	310	What Makes Medical Claims (Un)Verifiable? Analyzing Entity and Relation Properties for Fact Verification	Amelie Wuehrl, Yarik Menchaca Resendiz, Lara Grimminger, Roman Klinger	Long 12/2.5/.5	Oral 	In Person		Prof. Ion Androutsopoulos	ionandr@gmail.com
Session 2	2024-03-18	11:15	Marie Louise 1 (90)	Interpretability and Model Analysis in NLP	2	Factual Content in NLP	314	Tracing the Roots of Facts in Multilingual Language Models: Independent, Shared, and Transferred Knowledge	Xin Zhao, Naoki Yoshinaga, Daisuke Oba	Long 12/2.5/.5	Oral 	In Person			
Session 2	2024-03-18	11:30	Marie Louise 1 (90)	Semantics: Sentence-level Semantics, Textual Inference and other areas	3	Factual Content in NLP	364	Rethinking Loss Functions for Fact Verification	Yuta Mukobara, Yutaro Shigeto, Masashi Shimbo	Long 12/2.5/.5	Oral 	In Person			
Session 2	2024-03-18	11:45	Marie Louise 1 (90)	Semantics: Sentence-level Semantics, Textual Inference and other areas	4	Factual Content in NLP	428	Counterfactual Reasoning with Knowledge Graph Embeddings	Lena Zellinger, Andreas Stephan, Benjamin Roth	Long 12/2.5/.5	Oral 	In Person			
Session 2	2024-03-18	12:00	Marie Louise 1 (90)	Sentiment Analysis, Stylistic Analysis and Argument Mining	5	Factual Content in NLP	108	Multimodal Fallacy Classification in Political Debates	Eleonora Mancini, Federico Ruggeri, Paolo Torroni	Long 12/2.5/.5	Oral 	In Person			
Session 2	2024-03-18	12:15	Marie Louise 1 (90)	Sentiment Analysis, Stylistic Analysis and Argument Mining	6	Factual Content in NLP	391	Leveraging fine-tuned Large Language Models with LoRA for Effective Claim, Claimer, and Claim Object Detection	Sotiris Kotitsas, Panagiotis Kounoudis, Eleni Koutli, Haris Papageorgiou	Long 12/2.5/.5	Oral 	In Person			
Session 2	2024-03-18	11:00	Marie Louise 2  (90)	Dialogue and Interactive Systems	1	Dialogue and Interactive Systems	26	A Comparative Multidimensional Analysis of Empathetic Systems	Andrew Lee, Jonathan K. Kummerfeld, Larry Ann, Rada Mihalcea	Long 12/2.5/.5	Oral 	In Person		Ondrej Dusek	odusek@ufal.mff.cuni.cz
Session 2	2024-03-18	11:15	Marie Louise 2  (90)	Dialogue and Interactive Systems	2	Dialogue and Interactive Systems	34	Asking the Right Question at the Right Time: Human and Model Uncertainty Guidance to Ask Clarification Questions	Alberto Testoni, Raquel Fernández	Long 12/2.5/.5	Oral 	In Person			
Session 2	2024-03-18	11:30	Marie Louise 2  (90)	Dialogue and Interactive Systems	3	Dialogue and Interactive Systems	56	Leveraging Implicit Feedback from Deployment Data in Dialogue	Richard Yuanzhe Pang, Stephen Roller, Kyunghyun Cho, He He, Jason E Weston	Long 12/2.5/.5	Oral 	In Person			
Session 2	2024-03-18	11:45	Marie Louise 2  (90)	Dialogue and Interactive Systems	4	Dialogue and Interactive Systems	74	Commonsense-augmented Memory Construction and Management in Long-term Conversations via Context-aware Persona Refinement	Hana Kim, Kai Tzu-iunn Ong, Seoyeon Kim, Dongha Lee, Jinyoung Yeo	Long 12/2.5/.5	Oral 	Virtual			
Session 2	2024-03-18	12:00	Marie Louise 2  (90)	Dialogue and Interactive Systems	5	Dialogue and Interactive Systems	175	HumBEL: A Human-in-the-Loop Approach for Evaluating Demographic Factors of Language Models in Human-Machine Conversations	Anthony Sicilia, Jennifer C. Gates, Malihe Alikhani	Long 12/2.5/.5	Oral 	In Person			
Session 2	2024-03-18	12:15	Marie Louise 2  (90)	Dialogue and Interactive Systems	6	Dialogue and Interactive Systems	290	SynthDST: Synthetic Data is All You Need for Few-Shot Dialog State Tracking	Atharva Kulkarni, Bo-Hsiang Tseng, Joel Ruben Antony Moniz, Dhivya Piraviperumal, Hong Yu, Shruti Bhargava	Long 12/2.5/.5	Oral 	In Person			
Session 3	2024-03-18	14:00	Carlson (176)	Efficient/Low-resource methods in NLP	1	Efficient/Low-resource methods in NLP	71	Finding a Needle in the Adversarial Haystack: A Targeted Paraphrasing Approach For Uncovering Edge Cases with Minimal Distribution Distortion	Aly M. Kassem, Sherif Saad	Long 12/2.5/.5	Oral 	Virtual		Yufang Hou	bnuxiaofang@gmail.com
Session 3	2024-03-18	14:15	Carlson (176)	Efficient/Low-resource methods in NLP	2	Efficient/Low-resource methods in NLP	73	FAIR: Filtering of Automatically Induced Rules	Divya Jyoti Bajpai, Ayush Maheshwari, Manjesh Kumar Hanawal, Ganesh Ramakrishnan	Long 12/2.5/.5	Oral 	In Person			
Session 3	2024-03-18	14:30	Carlson (176)	Efficient/Low-resource methods in NLP	3	Efficient/Low-resource methods in NLP	130	Quality Does Matter: A Detailed Look at the Quality and Utility of Web-Mined Parallel Corpora	Surangika Ranathunga, Nisansa de Silva, Velayuthan Menan, Aloka Fernando, Charitha S.M. Rathnayake	Long 12/2.5/.5	Oral 	Virtual			
Session 3	2024-03-18	14:45	Carlson (176)	Efficient/Low-resource methods in NLP	4	Efficient/Low-resource methods in NLP	148	LaMini-LM: A Diverse Herd of Distilled Models from Large-Scale Instructions	Minghao Wu, Abdul Waheed, Chiyu Zhang, Muhammad Abdul-Mageed, Alham Fikri Aji	Long 12/2.5/.5	Oral 	Unconfirmed			
Session 3	2024-03-18	15:00	Carlson (176)	Efficient/Low-resource methods in NLP	5	Efficient/Low-resource methods in NLP	222	Anchor Points: Benchmarking Models with Much Fewer Examples	Rajan Pathe Vivek, Kawin Ethayarajh, Diyi Yang, Douwe Kiela	Long 12/2.5/.5	Oral 	In Person			
Session 3	2024-03-18	15:15	Carlson (176)	Efficient/Low-resource methods in NLP	6	Efficient/Low-resource methods in NLP	260	Aligning Large and Small Language Models via Chain-of-Thought Reasoning	Leonardo Ranaldi, Andre Freitas	Long 12/2.5/.5	Oral 	In Person			
Session 3	2024-03-18	14:00	Marie Louise 1 (90)	Discourse and Pragmatics	1	Discourse and Syntactic Parsing	211	Unleashing the Power of Discourse-Enhanced Transformers for Propaganda Detection	Alexander Chernyavskiy, Dmitry Ilvovsky, Preslav Nakov	Long 12/2.5/.5	Oral 	In Person		Dr Lorella Viola	l.viola@vu.nl
Session 3	2024-03-18	14:15	Marie Louise 1 (90)	Discourse and Pragmatics	2	Discourse and Syntactic Parsing	438	Can we obtain significant success in RST discourse parsing by using Large Language Models?	Aru Maekawa, Tsutomu Hirao, Hidetaka Kamigaito, Manabu Okumura	Long 12/2.5/.5	Oral 	In Person			
Session 3	2024-03-18	14:30	Marie Louise 1 (90)	Semantics: Sentence-level Semantics, Textual Inference and other areas	3	Discourse and Syntactic Parsing	182	Improving Generalization in Semantic Parsing by Increasing Natural Language Variation	Irina Saparina, Mirella Lapata	Long 12/2.5/.5	Oral 	In Person			
Session 3	2024-03-18	14:45	Marie Louise 1 (90)	Syntax: Tagging, Chunking and Parsing	4	Discourse and Syntactic Parsing	159	From Partial to Strictly Incremental Constituent Parsing	Ana Ezquerro, Carlos Gómez-Rodríguez, David Vilares	Long 12/2.5/.5	Oral 	In Person			
Session 3	2024-03-18	15:00	Marie Louise 1 (90)	Syntax: Tagging, Chunking and Parsing	5	Discourse and Syntactic Parsing	207	A Truly Joint Neural Architecture for Segmentation and Parsing	Danit Yshaayahu Levi, Reut Tsarfaty	Long 12/2.5/.5	Oral 	In Person			
Session 3	2024-03-18	15:15	Marie Louise 1 (90)	Syntax: Tagging, Chunking and Parsing	6	Discourse and Syntactic Parsing	Journal paper: CL1	Generation and Polynomial Parsing of Graph Languages with Non-Structural Reentrancies	Johanna Björklund, Frank Drewes, Anna Jonsson	Long 12/2.5/.5	Oral 	In Person			
Session 3	2024-03-18	14:00	Marie Louise 2  (90)	Multimodality and Language Grounding to Vision, Robotics and Beyond	1	Multimodality	170	The Role of Data Curation in Image Captioning	Wenyan Li, Jonas F. Lotz, Chen Qiu, Desmond Elliott	Long 12/2.5/.5	Oral 	In Person		Prof. Petr Sojka	sojka@fi.muni.cz
Session 3	2024-03-18	14:15	Marie Louise 2  (90)	Multimodality and Language Grounding to Vision, Robotics and Beyond	2	Multimodality	233	VEIL: Vetting Extracted Image Labels from In-the-Wild Captions for Weakly-Supervised Object Detection	Arushi Rai, Adriana Kovashka	Long 12/2.5/.5	Oral 	In Person			
Session 3	2024-03-18	14:30	Marie Louise 2  (90)	Multimodality and Language Grounding to Vision, Robotics and Beyond	3	Multimodality	476	Text-Guided Image Clustering	Andreas Stephan, Lukas Miklautz, Kevin Sidak, Jan Philip Wahle, Bela Gipp, Claudia Plant, Benjamin Roth	Long 12/2.5/.5	Oral 	In Person			
Session 3	2024-03-18	14:45	Marie Louise 2  (90)	Speech recognition, text-to-speech and spoken language understanding	4	Multimodality	70	Towards Hierarchical Spoken Language Disfluency Modeling	Jiachen Lian, Gopala Anumanchipalli	Long 12/2.5/.5	Oral 	In Person			
Session 3	2024-03-18	15:00	Marie Louise 2  (90)	Speech recognition, text-to-speech and spoken language understanding	5	Multimodality	282	Improving Acoustic Word Embeddings through Correspondence Training of Self-supervised Speech Representations	Amit Meghanani, Thomas Hain	Long 12/2.5/.5	Oral 	Virtual 			
Session 3	2024-03-18	15:15	Marie Louise 2  (90)	Speech recognition, text-to-speech and spoken language understanding	6	Multimodality	362	STORiCo: Storytelling TTS for Hindi with Character Voice Modulation	Pavan Kalyan Tankala, Preethi Jyothi, Preeti Rao, Pushpak Bhattacharyya	Long 12/2.5/.5	Oral 	In Person			
Session 4	2024-03-18	16:00	Carlson (176)	Information Extraction	1	Information Extraction	25	OpenPI2.0: An Improved Dataset for Entity Tracking in Texts	Li Zhang, Hainiu Xu, Abhinav Kommula, Chris Callison-Burch, Niket Tandon	Long 12/2.5/.5	Oral 	In Person		Lilja Øvrelid	liljao@ifi.uio.no
Session 4	2024-03-18	16:15	Carlson (176)	Information Extraction	2	Information Extraction	43	MultiMUC: Multilingual Template Filling on MUC-4	William Gantt, Shabnam Behzad, Hannah YoungEun An, Yunmo Chen, Aaron Steven White, Benjamin Van Durme, Mahsa Yarmohammadi	Long 12/2.5/.5	Oral 	In Person			
Session 4	2024-03-18	16:30	Carlson (176)	Information Extraction	3	Information Extraction	217	3D Rotation and Translation for Hyperbolic Knowledge Graph Embedding	Yihua Zhu, Hidetoshi Shimodaira	Long 12/2.5/.5	Oral 	In Person			
Session 4	2024-03-18	16:45	Carlson (176)	Information Extraction	4	Information Extraction	440	Ameli: Enhancing Multimodal Entity Linking with Fine-Grained Attributes	Barry Menglong Yao, Sijia Wang, Yu Chen, Qifan Wang, Minqian Liu, Zhiyang Xu, Licheng Yu, Lifu Huang	Long 12/2.5/.5	Oral 	In Person			
Session 4	2024-03-18	17:00	Carlson (176)	Information Extraction	5	Information Extraction	470	Large-Scale Label Interpretation Learning for Few-Shot Named Entity Recognition	Jonas Golde, Felix Hamborg, Alan Akbik	Long 12/2.5/.5	Oral 	In Person			
Session 4	2024-03-18	17:15	Carlson (176)	Semantics: Sentence-level Semantics, Textual Inference and other areas	6	Information Extraction	240	Chaining Event Spans for Temporal Relation Grounding	Jongho Kim, Dohyeon Lee, Minsoo Kim, seung-won hwang	Long 12/2.5/.5	Oral 	In Person			
Session 4	2024-03-18	16:00	Marie Louise 1 (90)	Discourse and Pragmatics	1	Linguistic Theory and Insights	433	Syntactic Preposing and Discourse Relations	Yunfang Dong, Xixian Liao, Bonnie L. Webber	Long 12/2.5/.5	Oral 	In Person		Dr. Daisy Rosenblum	daisy.rosenblum@ubc.ca
Session 4	2024-03-18	16:15	Marie Louise 1 (90)	Linguistic Theories, Cognitive Modeling and Psycholinguistics	2	Linguistic Theory and Insights	171	Large-Scale Bitext Corpora Provide New Evidence for Cognitive Representations of Spatial Terms	Peter Viechnicki, Kevin Duh, Anthony Kostacos, Barbara Landau	Long 12/2.5/.5	Oral 	In Person			
Session 4	2024-03-18	16:30	Marie Louise 1 (90)	Linguistic Theories, Cognitive Modeling and Psycholinguistics	3	Linguistic Theory and Insights	335	Clever Hans or Neural Theory of Mind? Stress Testing Social Reasoning in Large Language Models	Natalie Shapira, Mosh Levy, Seyed Hossein Alavi, Xuhui Zhou, Yejin Choi, Yoav Goldberg, Maarten Sap, Vered Shwartz	Long 12/2.5/.5	Oral 	In Person			
Session 4	2024-03-18	16:45	Marie Louise 1 (90)	Linguistic Theories, Cognitive Modeling and Psycholinguistics	4	Linguistic Theory and Insights	405	Frequency Explains the Inverse Correlation of Large Language Models' Size, Training Data Amount, and Surprisal's Fit to Reading Times	Byung-Doh Oh, Shisen Yue, William Schuler	Long 12/2.5/.5	Oral 	In Person			
Session 4	2024-03-18	17:00	Marie Louise 1 (90)	Phonology, Morphology, and Word Segmentation	5	Linguistic Theory and Insights	149	Automated Cognate Detection as a Supervised Link Prediction Task with Cognate Transformer	V.S.D.S.Mahesh Akavarapu, Arnab Bhattacharya	Long 12/2.5/.5	Oral 	In Person			
Session 4	2024-03-18	17:15	Marie Louise 1 (90)	Semantics: Sentence-level Semantics, Textual Inference and other areas	6	Linguistic Theory and Insights	51	Semantic Sensitivities and Inconsistent Predictions: Measuring the Fragility of NLI Models	Erik Arakelyan, Zhaoqi Liu, Isabelle Augenstein	Long 12/2.5/.5	Oral 	Unconfirmed			
Session 4	2024-03-18	16:00	Marie Louise 2  (90)	Dialogue and Interactive Systems	1	Opinion, Sentiment and Emotion	325	Improving Contrastive Learning in Emotion Recognition in Conversation via Data Augmentation and Decoupled Neutral Emotion	Yujin Kang, Yoon-Sik Cho	Long 12/2.5/.5	Oral 	In Person		Gabriella Lapesa?	gabriella.lapesa@gesis.org
Session 4	2024-03-18	16:15	Marie Louise 2  (90)	NLP Applications	2	Opinion, Sentiment and Emotion	213	Predicting Client Emotions and Therapist Interventions in Psychotherapy Dialogues	Tobias Mayer, Neha Warikoo, Amir Eliassaf, Dana Atzil-Slonim, Iryna Gurevych	Long 12/2.5/.5	Oral 	Unconfirmed			
Session 4	2024-03-18	16:30	Marie Louise 2  (90)	Sentiment Analysis, Stylistic Analysis and Argument Mining	3	Opinion, Sentiment and Emotion	199	“Define Your Terms” : Enhancing Efficient Offensive Speech Classification with Definition	Huy Nghiem, Umang Gupta, Fred Morstatter	Long 12/2.5/.5	Oral 	Virtual			
Session 4	2024-03-18	16:45	Marie Louise 2  (90)	Sentiment Analysis, Stylistic Analysis and Argument Mining	4	Opinion, Sentiment and Emotion	257	Unsupervised stance detection for social media discussions: A generic baseline	Maia Sutter, Antoine Gourru, Amine Trabelsi, Christine Largeron	Long 12/2.5/.5	Oral 	In Person			
Session 4	2024-03-18	17:00	Marie Louise 2  (90)	Sentiment Analysis, Stylistic Analysis and Argument Mining	5	Opinion, Sentiment and Emotion	259	Putting Context in Context: the Impact of Discussion Structure on Text Classification	Nicolò Penzo, Antonio Longa, Bruno Lepri, Sara Tonelli, Marco Guerini	Long 12/2.5/.5	Oral 	In Person			
Session 4	2024-03-18	17:15	Marie Louise 2  (90)	Sentiment Analysis, Stylistic Analysis and Argument Mining	6	Opinion, Sentiment and Emotion	427	A Weak Supervision Approach for Few-Shot Aspect Based Sentiment Analysis	Robert Vacareanu, Siddharth Varia, Kishaloy Halder, Shuai Wang, Giovanni Paolini, Neha Anna John, Miguel Ballesteros, Smaranda Muresan	Long 12/2.5/.5	Oral 	In Person			
Session 6	2024-03-19	10:30	Carlson (176)	Question Answering	1	Sentence-level Semantics	Journal paper: TACL1	Text-to-OverpassQL: A Natural Language Interface for Complex Geodata Querying of OpenStreetMap	Raphael Schumann, Michael Staniek, Maike Züfle, Stefan Riezler	Long 12/2.5/.5	Oral 	In Person		Dr. Eleni Metheniti	lenakmeth@gmail.com
Session 6	2024-03-19	10:45	Carlson (176)	Semantics: Sentence-level Semantics, Textual Inference and other areas	2	Sentence-level Semantics	47	UNSEE: Unsupervised Non-contrastive Sentence Embeddings	Ömer Veysel Çağatan	Long 12/2.5/.5	Oral 	In Person			
Session 6	2024-03-19	11:00	Carlson (176)	Semantics: Sentence-level Semantics, Textual Inference and other areas	3	Sentence-level Semantics	112	Lost in Translationese? Reducing Translation Effect Using Abstract Meaning Representation	Shira Wein, Nathan Schneider	Long 12/2.5/.5	Oral 	In Person			
Session 6	2024-03-19	11:15	Carlson (176)	Semantics: Sentence-level Semantics, Textual Inference and other areas	4	Sentence-level Semantics	174	REFINER: Reasoning Feedback on Intermediate Representations	Debjit Paul, Mete Ismayilzada, Maxime Peyrard, Beatriz Borges, Antoine Bosselut, Robert West, Boi Faltings	Long 12/2.5/.5	Oral 	In Person			
Session 6	2024-03-19	11:30	Carlson (176)	Semantics: Sentence-level Semantics, Textual Inference and other areas	5	Sentence-level Semantics	326	Neuralign: A Context-Aware, Cross-Lingual and Fully-Neural Sentence Alignment System for Long Texts	Francesco Maria Molfese, Andrei Stefan Bejgu, Simone Tedeschi, Simone Conia, Roberto Navigli	Long 12/2.5/.5	Oral 	In Person			
Session 6	2024-03-19	11:45	Carlson (176)	Semantics: Sentence-level Semantics, Textual Inference and other areas	6	Sentence-level Semantics	350	Sentence Representations via Gaussian Embedding	Shohei Yoda, Hayato Tsukagoshi, Ryohei Sasano, Koichi Takeda	Long 12/2.5/.5	Oral 	In Person			
Session 6	2024-03-19	10:30	Marie Louise 1 (90)	Ethics and NLP	1	Multilingual Issues	125	Centering the Speech Community	Steven Bird, Dean Yibarbuk	Long 12/2.5/.5	Oral 	Unconfirmed		Antonios Anastasopoulos	antonis@gmu.edu
Session 6	2024-03-19	10:45	Marie Louise 1 (90)	Ethics and NLP	2	Multilingual Issues	147	'It's how you do things that matters'': Attending to Process to Better Serve Indigenous Communities with Language Technologies	Ned Cooper, Courtney Heldreth, Ben Hutchinson	Long 12/2.5/.5	Oral 	In Person			
Session 6	2024-03-19	11:00	Marie Louise 1 (90)	Ethics and NLP	3	Multilingual Issues	462	Do Moral Judgment and Reasoning Capability of LLMs Change with Language? A Study using the Multilingual Defining Issues Test	Aditi Khandelwal, Utkarsh Agarwal, Kumar Tanmay, Monojit Choudhury	Long 12/2.5/.5	Oral 	In Person			
Session 6	2024-03-19	11:15	Marie Louise 1 (90)	Semantics: Lexical	4	Multilingual Issues	42	Injecting Wiktionary to improve token-level contextual representations using contrastive learning	Anna Mosolova, Marie Candito, Carlos Ramisch	Long 12/2.5/.5	Oral 	In Person			
Session 6	2024-03-19	11:30	Marie Louise 1 (90)	Semantics: Lexical	5	Multilingual Issues	220	Graph-based Clustering for Detecting Semantic Change Across Time and Languages	Xianghe Ma, Michael Strube, Wei Zhao	Long 12/2.5/.5	Oral 	In Person			
Session 6	2024-03-19	11:45	Marie Louise 1 (90)	Semantics: Lexical	6	Multilingual Issues	221	Translate to Disambiguate: Zero-shot Multilingual Word Sense Disambiguation with Pretrained Language Models	Haoqiang Kang, Terra Blevins, Luke Zettlemoyer	Long 12/2.5/.5	Oral 	In Person			
Session 6	2024-03-19	10:30	Marie Louise 2  (90)	NLP Applications	1	NLP Applications	80	NNOSE: Nearest Neighbor Occupational Skill Extraction	Mike Zhang, Rob van der Goot, Min-Yen Kan, Barbara Plank	Long 12/2.5/.5	Oral 	In Person		Prof. Thomas Francois	thomas.francois@uclouvain.be
Session 6	2024-03-19	10:45	Marie Louise 2  (90)	NLP Applications	2	NLP Applications	191	Generation, Distillation and Evaluation of Motivational Interviewing-Style Reflections with a Foundational Language Model	Andrew Brown, Jiading Zhu, Mohamed Abdelwahab, Alec Dong, Cindy Wang, Jonathan Rose	Long 12/2.5/.5	Oral 	In Person			
Session 6	2024-03-19	11:00	Marie Louise 2  (90)	NLP Applications	3	NLP Applications	308	Leveraging ChatGPT in Pharmacovigilance Event Extraction: An Empirical Study	Zhaoyue Sun, Gabriele Pergola, Byron C Wallace, Yulan He	Long 12/2.5/.5	Oral 	In Person			
Session 6	2024-03-19	11:15	Marie Louise 2  (90)	NLP Applications	4	NLP Applications	320	LegalLens: Leveraging LLMs for Legal Violation Identification in Unstructured Text	Dor Bernsohn, Gil Semo, Yaron Vazana, Gila Hayat, Ben Hagag, Joel Niklaus, Rohit Saha, Kyryl Truskovskyi	Long 12/2.5/.5	Oral 	In Person			
Session 6	2024-03-19	11:30	Marie Louise 2  (90)	NLP Applications	5	NLP Applications	345	Accurate and Well-Calibrated ICD Code Assignment Through Attention Over Diverse Label Embeddings	Goncalo Emanuel Cavaco Gomes, Isabel Pereira Coutinho, Bruno Martins	Long 12/2.5/.5	Oral 	In Person			
Session 6	2024-03-19	11:45	Marie Louise 2  (90)	NLP Applications	6	NLP Applications	411	Presentations by the Humans and For the Humans: Harnessing LLMs for Generating Persona-Aware Slides from Documents	Ishani Mondal, Shwetha S, Anandhavelu Natarajan, Aparna Garimella, Sambaran Bandyopadhyay, Jordan Lee Boyd-Graber	Long 12/2.5/.5	Oral 	Unconfirmed			
Session 7	2024-03-19	14:00	Carlson (176)	Question Answering	1	Question Answering	28	Few-Shot Data Synthesis for Open Domain Multi-Hop Question Answering	Mingda Chen, Xilun Chen, Wen-tau Yih	Long 12/2.5/.5	Oral 	In Person		Mr. Mohammad Aliannejadi	m.aliannejadi@uva.nl
Session 7	2024-03-19	14:15	Carlson (176)	Question Answering	2	Question Answering	269	CATfOOD: Counterfactual Augmented Training for Improving Out-of-Domain Performance and Calibration	Rachneet Singh Sachdeva, Martin Tutek, Iryna Gurevych	Long 12/2.5/.5	Oral 	In Person			
Session 7	2024-03-19	14:30	Carlson (176)	Question Answering	3	Question Answering	323	Think Twice: Measuring the Efficiency of Eliminating Prediction Shortcuts of Question Answering Models	Lukáš Mikula, Michal Štefánik, Marek Petrovič, Petr Sojka	Long 12/2.5/.5	Oral 	In Person			
Session 7	2024-03-19	14:45	Carlson (176)	Question Answering	4	Question Answering	343	Defending Against Disinformation Attacks in Open-Domain Question Answering	Orion Weller, Aleem Khan, Nathaniel Weir, Dawn Lawrie, Benjamin Van Durme	Long 12/2.5/.5	Oral 	In Person			
Session 7	2024-03-19	15:00	Carlson (176)	Question Answering	5	Question Answering	388	Graph Guided Question Answer Generation for Procedural Question-Answering	Hai X. Pham, Isma Hadji, Xinnuo Xu, Ziedune Degutyte, Jay Rainey, Evangelos Kazakos, Afsaneh Fazly, Georgios Tzimiropoulos, Brais Martinez	Long 12/2.5/.5	Oral 	In Person			
Session 7	2024-03-19	15:15	Carlson (176)	Question Answering	6	Question Answering	432	Pre-Training Methods for Question Reranking	Stefano Campese, Ivano Lauriola, Alessandro Moschitti	Long 12/2.5/.5	Oral 	In Person			
Session 7	2024-03-19	14:00	Marie Louise 1 (90)	Multilinguality and Language Diversity 1	1	Multilinguality and Language Diversity 1	44	Multilingual Gradient Word-Order Typology from Universal Dependencies	Emi Baylor, Esther Ploeger, Johannes Bjerva	Long 12/2.5/.5	Oral 	In Person		Sara Stymne	sara.stymne@lingfil.uu.se
Session 7	2024-03-19	14:15	Marie Louise 1 (90)	Resources and Evaluation	2	Multilinguality and Language Diversity 1	31	SIB-200: A Simple, Inclusive, and Big Evaluation Dataset for Topic Classification in 200+ Languages and Dialects	David Ifeoluwa Adelani, Hannah Liu, Xiaoyu Shen, Nikita Vassilyev, Jesujoba Oluwadara Alabi, Yanke Mao, Haonan Gao, En-Shiun Annie Lee	Long 12/2.5/.5	Oral 	In Person			
Session 7	2024-03-19	14:30	Marie Louise 1 (90)	Resources and Evaluation	3	Multilinguality and Language Diversity 1	146	Meme-ingful Analysis: Enhanced Understanding of Cyberbullying in Memes Through Multimodal Explanations	Prince Jha, Krishanu Maity, Raghav Jain, Apoorv Verma, Sriparna Saha, Pushpak Bhattacharyya	Long 12/2.5/.5	Oral 	Virtual 			
Session 7	2024-03-19	14:45	Marie Louise 1 (90)	Resources and Evaluation	4	Multilinguality and Language Diversity 1	206	M4: Multi-generator, Multi-domain, and Multi-lingual Black-Box Machine-Generated Text Detection	Yuxia Wang, Jonibek Mansurov, Petar Ivanov, Jinyan Su, Artem Shelmanov, Akim Tsvigun, Chenxi Whitehouse, OSAMA MOHAMMED AFZAL, Tarek Mahmoud, Toru Sasaki, Thomas Arnold, Alham Fikri Aji, Nizar Habash, Iryna Gurevych, Preslav Nakov	Long 12/2.5/.5	Oral 	In Person			
Session 7	2024-03-19	15:00	Marie Louise 1 (90)	Resources and Evaluation	5	Multilinguality and Language Diversity 1	236	Kardeş-NLU: Transfer to Low-Resource Languages with Big Brother's Help -- A Benchmark and Evaluation for Turkic Languages	Lütfi Kerem Senel, Benedikt Ebing, Konul Baghirova, Hinrich Schuetze, Goran Glavaš	Long 12/2.5/.5	Oral 	Unconfirmed			
Session 7	2024-03-19	15:15	Marie Louise 1 (90)	Resources and Evaluation	6	Multilinguality and Language Diversity 1	292	Translation Errors Significantly Impact Low-Resource Languages in Cross-Lingual Learning	Ashish Sunil Agrawal, Barah Fazili, Preethi Jyothi	Long 12/2.5/.5	Oral 	In Person			
Session 7	2024-03-19	14:00	Marie Louise 2  (90)	Generation	1	Generation	201	CEV-LM: Controlled Edit Vector Language Model for Shaping Natural Language Generations	Samraj Moorjani, ADIT KRISHNAN, Hari Sundaram	Long 12/2.5/.5	Oral 	Virtual		Naoki Yoshinaga	ynaga@iis.u-tokyo.ac.jp
Session 7	2024-03-19	14:15	Marie Louise 2  (90)	Generation	2	Generation	210	Diffusion-NAT: Self-Prompting Discrete Diffusion for Non-Autoregressive Text Generation	Kun Zhou, Yifan Li, Xin Zhao, Ji-Rong Wen	Long 12/2.5/.5	Oral 	Unconfirmed			
Session 7	2024-03-19	14:30	Marie Louise 2  (90)	Generation	3	Generation	312	A Comparative Analysis of Conversational Large Language Models in Knowledge-Based Text Generation	Phillip Schneider, Manuel Klettner, Elena Simperl, Florian Matthes	Long 12/2.5/.5	Oral 	In Person			
Session 7	2024-03-19	14:45	Marie Louise 2  (90)	Generation	4	Generation	322	Exploring Data Augmentation in Neural DRS-to-Text Generation	Muhammad Saad Amin, Luca Anselma, Alessandro Mazzei	Long 12/2.5/.5	Oral 	Unconfirmed			
Session 7	2024-03-19	15:00	Marie Louise 2  (90)	Generation	5	Generation	417	Small Language Models Improve Giants by Rewriting Their Outputs	Giorgos Vernikos, Arthur Brazinskas, Jakub Adamek, Jonathan Mallinson, Aliaksei Severyn, Eric Malmi	Long 12/2.5/.5	Oral 	In Person			
Session 7	2024-03-19	15:15	Marie Louise 2  (90)	NLP Applications	6	Generation	183	Text-to-Code Generation with Modality-relative Pre-training	Fenia Christopoulou, Guchun Zhang, Gerasimos Lampouras	Long 12/2.5/.5	Oral 	In Person			
Session 8	2024-03-19	16:00	Carlson (176)	Information Retrieval and Text Mining	1	Information Retrieval and Text Mining	50	Fréchet Distance for Offline Evaluation of Information Retrieval Systems with Sparse Labels	Negar Arabzadeh, Charles L. A. Clarke	Long 12/2.5/.5	Oral 	In Person		Prof. Dr. David E Losada	david.losada@usc.es
Session 8	2024-03-19	16:15	Carlson (176)	Information Retrieval and Text Mining	2	Information Retrieval and Text Mining	203	HiGen: Hierarchy-Aware Sequence Generation for Hierarchical Text Classification	Vidit Jain, Mukund Rungta, Yuchen Zhuang, Yue Yu, Zeyu Wang, Mu Gao, Jeffrey Skolnick, Chao Zhang	Long 12/2.5/.5	Oral 	In Person			
Session 8	2024-03-19	16:30	Carlson (176)	Information Retrieval and Text Mining	3	Information Retrieval and Text Mining	218	Geo-Encoder: A Chunk-Argument Bi-Encoder Framework for Chinese Geographic Re-Ranking	Yong Cao, Ruixue Ding, Boli Chen, Xianzhi Li, Min Chen, Daniel Hershcovich, Pengjun Xie, Fei Huang	Long 12/2.5/.5	Oral 	In Person			
Session 8	2024-03-19	16:45	Carlson (176)	Information Retrieval and Text Mining	4	Information Retrieval and Text Mining	252	A Comprehensive Survey of Sentence Representations: From the BERT Epoch to the CHATGPT Era and Beyond	Abhinav Ramesh Kashyap, Thanh-Tung Nguyen, Viktor Schlegel, Stefan Winkler, See-Kiong Ng, Soujanya Poria	Long 12/2.5/.5	Oral 	In Person			
Session 8	2024-03-19	17:00	Carlson (176)	Information Retrieval and Text Mining	5	Information Retrieval and Text Mining	342	NevIR: Negation in Neural Information Retrieval	Orion Weller, Dawn Lawrie, Benjamin Van Durme	Long 12/2.5/.5	Oral 	In Person			
Session 8	2024-03-19	17:15	Carlson (176)	Information Retrieval and Text Mining	6	Information Retrieval and Text Mining	444	Generative Dense Retrieval: Memory Can Be a Burden	Peiwen Yuan, Xinglin Wang, Shaoxiong Feng, Boyuan Pan, Yiwei Li, Heda Wang, Xupeng Miao, Kan Li	Long 12/2.5/.5	Oral 	Unconfirmed			
Session 8	2024-03-19	16:00	Marie Louise 1 (90)	Multilinguality and Language Diversity 2	1	Multilinguality and Language Diversity 2	94	Code-Switched Language Identification is Harder Than You Think	Laurie Burchell, Alexandra Birch, Robert Peter Thompson, Kenneth Heafield	Long 12/2.5/.5	Oral 	In Person		Mrs. Marie Candito	marie.candito@gmail.com
Session 8	2024-03-19	16:15	Marie Louise 1 (90)	Multilinguality and Language Diversity	2	Multilinguality and Language Diversity 2	184	No Error Left Behind: Multilingual Grammatical Error Correction with Pre-trained Translation Models	Agnes Luhtaru, Elizaveta Korotkova, Mark Fishel	Long 12/2.5/.5	Oral 	In Person			
Session 8	2024-03-19	16:30	Marie Louise 1 (90)	Multilinguality and Language Diversity	3	Multilinguality and Language Diversity 2	413	ToPro: Token-Level Prompt Decomposition for Cross-Lingual Sequence Labeling Tasks	Bolei Ma, Ercong Nie, Shuzhou Yuan, Helmut Schmid, Michael Färber, Frauke Kreuter, Hinrich Schuetze	Long 12/2.5/.5	Oral 	In Person			
Session 8	2024-03-19	16:45	Marie Louise 1 (90)	Multilinguality and Language Diversity	4	Multilinguality and Language Diversity 2	468	Analyzing the Evaluation of Cross-Lingual Knowledge Transfer in Multilingual Language Models	Sara Rajaee, Christof Monz	Long 12/2.5/.5	Oral 	In Person			
Session 8	2024-03-19	17:00	Marie Louise 1 (90)	Phonology, Morphology, and Word Segmentation	5	Multilinguality and Language Diversity 2	102	Quantifying the Hyperparameter Sensitivity of Neural Networks for Character-level Sequence-to-Sequence Tasks	Adam Wiemerslage, Kyle Gorman, Katharina von der Wense	Long 12/2.5/.5	Oral 	In Person			
Session 8	2024-03-19	17:15	Marie Louise 1 (90)	Speech recognition, text-to-speech and spoken language understanding	6	Multilinguality and Language Diversity 2	27	Multi-Level Attention Aggregation for Language-Agnostic Speaker Replication	Yejin Jeon, Gary Lee	Long 12/2.5/.5	Oral 	In Person			
Session 8	2024-03-19	16:00	Marie Louise 2  (90)	Efficient/Low-resource methods in NLP	1	Summarization	176	LOCOST: State-Space Models for Long Document Abstractive Summarization	Florian Le Bronnec, Song Duong, Mathieu Ravaut, Alexandre Allauzen, Nancy F. Chen, Vincent Guigue, Alberto Lumbreras, Laure Soulier, patrick gallinari	Long 12/2.5/.5	Oral 	In Person		Dr Gabriele Pergola	gabriele.pergola.1@warwick.ac.uk
Session 8	2024-03-19	16:15	Marie Louise 2  (90)	NLP Applications	2	Summarization	57	Characterizing the Confidence of Large Language Model-Based Automatic Evaluation Metrics	Rickard Stureborg, Dimitris Alikaniotis, Yoshi Suhara	Long 12/2.5/.5	Oral 	In Person			
Session 8	2024-03-19	16:30	Marie Louise 2  (90)	Sentiment Analysis, Stylistic Analysis and Argument Mining	3	Summarization	309	An Empirical Analysis of Diversity in Argument Summarization	Michiel van der Meer, Piek Vossen, Catholijn M Jonker, Pradeep Kumar Murukannaiah	Long 12/2.5/.5	Oral 	In Person			
Session 8	2024-03-19	16:45	Marie Louise 2  (90)	Summarization	4	Summarization	82	On the Benefits of Fine-Grained Loss Truncation: A Case Study on Factuality in Summarization	Lorenzo Jaime Yu Flores, Arman Cohan	Long 12/2.5/.5	Oral 	Unconfirmed			
Session 8	2024-03-19	17:00	Marie Louise 2  (90)	Summarization	5	Summarization	246	Fine-Grained Natural Language Inference Based Faithfulness Evaluation for Diverse Summarisation Tasks	Huajian Zhang, Yumo Xu, Laura Perez-Beltrachini	Long 12/2.5/.5	Oral 	Unconfirmed			
Session 8	2024-03-19	17:15	Marie Louise 2  (90)	Summarization	6	Summarization	303	Less is More for Long Document Summary Evaluation by LLMs	Yunshu Wu, Hayate Iso, Pouya Pezeshkpour, Nikita Bhutani, Estevam Hruschka	Long 12/2.5/.5	Oral 	In Person			
Session 9	2024-03-20	9:00	Carlson (176)	Ethics and NLP	1	Ethics and NLP	2	Enhancing Ethical Explanations of Large Language Models through Iterative Symbolic Refinement	Xin Quan, Marco Valentino, Louise A. Dennis, Andre Freitas	Long 12/2.5/.5	Oral 	In Person		Prof. Monojit Choudhury	monojit.choudhury@mbzuai.ac.ae
Session 9	2024-03-20	9:15	Carlson (176)	Ethics and NLP	2	Ethics and NLP	87	MAFIA: Multi-Adapter Fused Inclusive Language Models	Prachi Jain, Ashutosh Sathe, Varun Gumma, Kabir Ahuja, Sunayana Sitaram	Long 12/2.5/.5	Oral 	In Person			
Session 9	2024-03-20	9:30	Carlson (176)	Ethics and NLP	3	Ethics and NLP	103	Examining Gender and Racial Bias in Large Vision--Language Models Using a Novel Dataset of Parallel Images	Kathleen C. Fraser, Svetlana Kiritchenko	Long 12/2.5/.5	Oral 	In Person			
Session 9	2024-03-20	9:45	Carlson (176)	Ethics and NLP	4	Ethics and NLP	165	Bias in Opinion Summarisation from Pre-training to Adaptation: A Case Study in Political Bias	Nannan Huang, Haytham M. Fayek, Xiuzhen Zhang	Long 12/2.5/.5	Oral 	In Person			
Session 9	2024-03-20	10:00	Carlson (176)	Ethics and NLP	5	Ethics and NLP	180	A Prompt Response to the Demand for Automatic Gender-Neutral Translation	Beatrice Savoldi, Andrea Piergentili, Dennis Fucci, Matteo Negri, Luisa Bentivogli	Long 12/2.5/.5	Oral 	Unconfirmed			
Session 9	2024-03-20	10:15	Carlson (176)	Ethics and NLP	6	Ethics and NLP	263	Uncovering Stereotypes in Large Language Models: A Task Complexity-based Approach	Hari Shrawgi, Prasanjit Rath, Tushar Singhal, Sandipan Dandapat	Long 12/2.5/.5	Oral 	In Person			
Session 9	2024-03-20	9:00	Marie Louise 1 (90)	Machine Translation	1	Machine Translation	33	Mitigating Hallucinations and Off-target Machine Translation with Source-Contrastive and Language-Contrastive Decoding	Rico Sennrich, Jannis Vamvas, Alireza Mohammadshahi	Long 12/2.5/.5	Oral 	In Person		Hermann Ney	ney@cs.rwth-aachen.de
Session 9	2024-03-20	9:15	Marie Louise 1 (90)	Machine Translation	2	Machine Translation	40	How Transferable are Attribute Controllers on Pretrained Multilingual Translation Models?	Danni Liu, Jan Niehues	Long 12/2.5/.5	Oral 	In Person			
Session 9	2024-03-20	9:30	Marie Louise 1 (90)	Machine Translation	3	Machine Translation	262	Disentangling the Roles of Target-side Transfer and Regularization in Multilingual Machine Translation	Yan Meng, Christof Monz	Long 12/2.5/.5	Oral 	In Person			
Session 9	2024-03-20	9:45	Marie Louise 1 (90)	Machine Translation	4	Machine Translation	389	Contrastive Decoding Reduces Hallucinations in Large Multilingual Machine Translation Models	Jonas Waldendorf, Barry Haddow, Alexandra Birch	Long 12/2.5/.5	Oral 	In Person			
Session 9	2024-03-20	10:00	Marie Louise 1 (90)	Multilinguality and Language Diversity	5	Machine Translation	157	Cross-Lingual Transfer from Related Languages: Treating Low-Resource Maltese as Multilingual Code-Switching	Kurt Micallef, Nizar Habash, Claudia Borg, Fadhl Eryani, Houda Bouamor	Long 12/2.5/.5	Oral 	In Person			
Session 9	2024-03-20	10:15	Marie Louise 1 (90)	Multilinguality and Language Diversity	6	Machine Translation	242	Robust Neural Machine Translation for Abugidas by Glyph Perturbation	Hour Kaing, Chenchen Ding, Hideki Tanaka, Masao Utiyama	Long 12/2.5/.5	Oral 	In Person			
Session 9	2024-03-20	9:00	Marie Louise 2  (90)	Interpretability and Model Analysis in NLP	1	Semantics and Applications	121	Scaling up Discovery of Latent Concepts in Deep NLP Models	Majd Hawasly, Fahim Dalvi, Nadir Durrani	Long 12/2.5/.5	Oral 	In Person		Dr. Sandro Pezzelle	s.pezzelle@uva.nl
Session 9	2024-03-20	9:15	Marie Louise 2  (90)	Interpretability and Model Analysis in NLP	2	Semantics and Applications	168	Document Structure in Long Document Transformers	Jan Buchmann, Max Eichler, Jan-Micha Bodensohn, Ilia Kuznetsov, Iryna Gurevych	Long 12/2.5/.5	Oral 	In Person			
Session 9	2024-03-20	9:30	Marie Louise 2  (90)	NLP Applications	3	Semantics and Applications	110	The Parrot Dilemma: Human-Labeled vs. LLM-augmented Data in Classification Tasks	Anders Giovanni Møller, Arianna Pera, Jacob Aarup Dalsgaard, Luca Maria Aiello	Long 12/2.5/.5	Oral 	In Person			
Session 9	2024-03-20	9:45	Marie Louise 2  (90)	NLP Applications	4	Semantics and Applications	473	MLCopilot: Unleashing the Power of Large Language Models in Solving Machine Learning Tasks	lei Zhang, Yuge Zhang, Kan Ren, Dongsheng Li, Yuqing Yang	Long 12/2.5/.5	Oral 	Unconfirmed			
Session 9	2024-03-20	10:00	Marie Louise 2  (90)	Semantics: Sentence-level Semantics, Textual Inference and other areas	5	Semantics and Applications	45	Align and Augment: Generative Data Augmentation for Compositional Generalization	Francesco Cazzaro, Davide Locatelli, Ariadna Quattoni	Long 12/2.5/.5	Oral 	In Person			
Session 9	2024-03-20	10:15	Marie Louise 2  (90)	Semantics: Sentence-level Semantics, Textual Inference and other areas	6	Semantics and Applications	66	SentenceLDA: Discriminative and Robust Document Representation with Sentence Level Topic Model	Taehun Cha, Donghun Lee	Long 12/2.5/.5	Oral 	In Person			
Session 10	2024-03-20	11:00	Carlson (176)	Interpretability and Model Analysis in NLP	1	Interpretability and Model Analysis in NLP	88	Over-Reasoning and Redundant Calculation of Large Language Models	Cheng-Han Chiang, Hung-yi Lee	Long 12/2.5/.5	Oral 	In Person		Prof. Preslav Nakov	preslav.nakov@mbzuai.ac.ae
Session 10	2024-03-20	11:15	Carlson (176)	Interpretability and Model Analysis in NLP	2	Interpretability and Model Analysis in NLP	126	Improving the TENOR of Labeling: Re-evaluating Topic Models for Content Analysis	Zongxia Li, Andrew Mao, Daniel Kofi Stephens, Pranav Goel, Emily Walpole, Alden Dima, Juan Francisco Fung, Jordan Lee Boyd-Graber	Long 12/2.5/.5	Oral 	In Person			
Session 10	2024-03-20	11:30	Carlson (176)	Interpretability and Model Analysis in NLP	3	Interpretability and Model Analysis in NLP	137	Unsupervised Contrast-Consistent Ranking with Language Models	Niklas Stoehr, Pengxiang Cheng, Jing Wang, Daniel Preotiuc-Pietro, Rajarshi Bhowmik	Long 12/2.5/.5	Oral 	In Person			
Session 10	2024-03-20	11:45	Carlson (176)	Interpretability and Model Analysis in NLP	4	Interpretability and Model Analysis in NLP	280	It is not True that Transformers are Inductive Learners: Probing NLI Models with External Negation	Michael Sullivan	Long 12/2.5/.5	Oral 	In Person			
Session 10	2024-03-20	12:00	Carlson (176)	Interpretability and Model Analysis in NLP	5	Interpretability and Model Analysis in NLP	327	Explaining Speech Classification Models via Word-Level Audio Segments and Paralinguistic Features	Eliana Pastor, Alkis Koudounas, Giuseppe Attanasio, Dirk Hovy, Elena Baralis	Long 12/2.5/.5	Oral 	In Person			
Session 10	2024-03-20	12:15	Carlson (176)	Interpretability and Model Analysis in NLP	6	Interpretability and Model Analysis in NLP	400	Sensitivity, Performance, Robustness: Deconstructing the Effect of Sociodemographic Prompting	Tilman Beck, Hendrik Schuff, Anne Lauscher, Iryna Gurevych	Long 12/2.5/.5	Oral 	In Person			
Session 10	2024-03-20	11:00	Marie Louise 1 (90)	Resources and Evaluation	1	Resources and Evaluation	14	Leak, Cheat, Repeat: Data Contamination and Evaluation Malpractices in Closed-Source LLMs	Simone Balloccu, Patrícia Schmidtová, Mateusz Lango, Ondrej Dusek	Long 12/2.5/.5	Oral 	In Person		Prof. Nizar Habash	nizar.habash@nyu.edu
Session 10	2024-03-20	11:15	Marie Louise 1 (90)	Resources and Evaluation	2	Resources and Evaluation	19	Archer: A Human-Labeled Text-to-SQL Dataset with Arithmetic, Commonsense and Hypothetical Reasoning	Danna Zheng, Mirella Lapata, Jeff Z. Pan	Long 12/2.5/.5	Oral 	In Person			
Session 10	2024-03-20	11:30	Marie Louise 1 (90)	Resources and Evaluation	3	Resources and Evaluation	49	From Text Segmentation to Smart Chaptering: A Novel Benchmark for Structuring Video Transcriptions	Fabian Retkowski, Alexander Waibel	Long 12/2.5/.5	Oral 	In Person			
Session 10	2024-03-20	11:45	Marie Louise 1 (90)	Resources and Evaluation	4	Resources and Evaluation	162	Predict the Next Word: <Humans exhibit uncertainty in this task and language models _____>	Evgenia Ilia, Wilker Aziz	Long 12/2.5/.5	Oral 	In Person			
Session 10	2024-03-20	12:00	Marie Louise 1 (90)	Resources and Evaluation	5	Resources and Evaluation	234	WSC+: Enhancing The Winograd Schema Challenge Using Tree-of-Experts	Pardis Sadat Zahraei, Ali Emami	Long 12/2.5/.5	Oral 	Virtual			
Session 10	2024-03-20	12:15	Marie Louise 1 (90)	Resources and Evaluation	6	Resources and Evaluation	247	AnaDE1.0: A Novel Data Set for Benchmarking Analogy Detection and Extraction	Bhavya Bhavya, Shradha Sehgal, Jinjun Xiong, ChengXiang Zhai	Long 12/2.5/.5	Oral 	In Person			
Session 10	2024-03-20	11:00	Marie Louise 2  (90)	Computational Social Science and Cultural Analytics	1	Computational Social Science and Cultural Analytics	123	AnthroScore: A Computational Linguistic Measure of Anthropomorphism	Myra Cheng, Kristina Gligoric, Tiziano Piccardi, Dan Jurafsky	Long 12/2.5/.5	Oral 	In Person		Philip Resnik	resnik@umd.edu
Session 10	2024-03-20	11:15	Marie Louise 2  (90)	Computational Social Science and Cultural Analytics	2	Computational Social Science and Cultural Analytics	202	It's All Relative: Learning Interpretable Models for Scoring Subjective Bias in Documents from Pairwise Comparisons	Aswin Suresh, Wu Chi hsuan, Matthias Grossglauser	Long 12/2.5/.5	Oral 	In Person			
Session 10	2024-03-20	11:30	Marie Louise 2  (90)	Computational Social Science and Cultural Analytics	3	Computational Social Science and Cultural Analytics	404	Identifying Narrative Content in Podcast Transcripts	Yosra Abdessamed, Shadi Rezapour, Steven R. Wilson	Long 12/2.5/.5	Oral 	In Person			
Session 10	2024-03-20	11:45	Marie Louise 2  (90)	Computational Social Science and Cultural Analytics	4	Computational Social Science and Cultural Analytics	422	SOCIALITE-LLAMA: An Instruction-Tuned Model for Social Scientific Tasks	Gourab Dey, Adithya V Ganesan, Yash Kumar Lal, Manal Shah, Shreyashee Sinha, Matthew Matero, Salvatore Giorgi, Vivek Kulkarni, H. Schwartz	Long 12/2.5/.5	Oral 	In Person			
Session 10	2024-03-20	12:00	Marie Louise 2  (90)	Computational Social Science and Cultural Analytics	5	Computational Social Science and Cultural Analytics	425	Unintended Bias Detection and Mitigation in Misogynous Memes	Gitanjali Kumari, Anubhav Sinha, Asif Ekbal	Long 12/2.5/.5	Oral 	In Person			
Session 10	2024-03-20	12:15	Marie Louise 2  (90)	Resources and Evaluation	6	Computational Social Science and Cultural Analytics	156	Moderation in the Wild: Investigating User-Driven Moderation in Online Discussions	Neele Falk, Eva Maria Vecchi, Iman Jundi, Gabriella Lapesa	Long 12/2.5/.5	Oral 	In Person			