Session-old	Date	Start Time	End Time	PID-old	PID	Title	Author	Category	Track	Session	Poster(pref)	Hybrid Unit No	Assigned Board	Location	Presentation Order
Session 3	2024-03-18	14:00	15:30	321	321	$\mu$PLAN: Summarizing using a Content Plan as Cross-Lingual Bridge	Fantine Huot, Joshua Maynez, Chris Alberti, Reinald Kim Amplayo, Priyanka Agrawal, Constanza Fierro, Shashi Narayan, Mirella Lapata	Poster	Summarization	Session 3	In Person		28	Radisson	
Session 3	2024-03-18	14:00	15:30	217	217	3D Rotation and Translation for Hyperbolic Knowledge Graph Embedding	Yihua Zhu, Hidetoshi Shimodaira	Poster	Information Extraction	Session 3	In Person		9	Radisson	
Session 3	2024-03-18	14:00	15:30	41	41	A Methodology for Generative Spelling Correction via Natural Spelling Errors Emulation across Multiple Domains and Languages	Nikita Martynov, Mark Baushenko, Anastasia Kozlova, Katerina Kolomeytseva, Aleksandr Abramov, Alena Fenogenova	Poster	Generation	Session 3	In Person		5	Radisson	
Session 3	2024-03-18	14:00	15:30	309	309	An Empirical Analysis of Diversity in Argument Summarization	Michiel van der Meer, Piek Vossen, Catholijn M Jonker, Pradeep Kumar Murukannaiah	Poster	Sentiment Analysis, Stylistic Analysis and Argument Mining	Session 3	In Person		26	Radisson	
Session 3	2024-03-18	14:00	15:30	299	299	Argument Mining as a Text-to-Text Generation Task	Masayuki Kawarada, Tsutomu Hirao, Wataru Uchida, Masaaki Nagata	Poster	Information Retrieval and Text Mining	Session 3	In Person		15	Radisson	
Session 3	2024-03-18	14:00	15:30	163	163	Backtracing: Retrieving the Cause of the Query	Rose E Wang, Pawan Wirawarn, Omar Khattab, Noah Goodman, Dorottya Demszky	Poster	Information Retrieval and Text Mining	Session 3	In Person		16	Radisson	
Session 3	2024-03-18	14:00	15:30	7	7	Chem-FINESE: Validating Fine-Grained Few-shot Entity Extraction through Text Reconstruction	Qingyun Wang, Zixuan Zhang, Hongxiang Li, Xuan Liu, Jiawei Han, Huimin Zhao, Heng Ji	Poster	Information Extraction	Session 3	In Person		10	Radisson	
Session 3	2024-03-18	14:00	15:30	279	279	Clarifying the Path to User Satisfaction: An Investigation into Clarification Usefulness	Hossein A. Rahmani, Xi Wang, Mohammad Aliannejadi, Mohammadmehdi Naghiaei, Emine Yilmaz	Poster	Information Retrieval and Text Mining	Session 3	In Person		17	Radisson	
Session 3	2024-03-18	14:00	15:30	339	339	Corpus-Steered Query Expansion with Large Language Models	Yibin Lei, Yu Cao, Tianyi Zhou, Tao Shen, Andrew Yates	Poster	Information Retrieval and Text Mining	Session 3	In Person		18	Radisson	
Session 3	2024-03-18	14:00	15:30	117	117	Desiderata For The Context Use Of Question Answering Systems	Sagi Shaier, Lawrence Hunter, Katharina von der Wense	Poster	Question Answering	Session 3	In Person		25	Radisson	
Session 3	2024-03-18	14:00	15:30	83	83	Evaluating Unsupervised Argument Aligners via Generation of Conclusions of Structured Scientific Abstracts	Yingqiang Gao, Nianlong Gu, Jessica Lam, James Henderson, Richard Hahnloser	Poster	Sentiment Analysis, Stylistic Analysis and Argument Mining	Session 3	In Person		27	Radisson	
Session 3	2024-03-18	14:00	15:30	333	333	Flow Matching for Conditional Text Generation in a Few Sampling Steps	Vincent Tao Hu, Di Wu, Yuki M Asano, Pascal Mettes, Basura Fernando, Björn Ommer, Cees G. M. Snoek	Poster	Generation	Session 3	In Person		6	Radisson	
Session 3	2024-03-18	14:00	15:30	324	324	High-quality Data-to-Text Generation for Severely Under-Resourced Languages with Out-of-the-box Large Language Models	Michela Lorandi, Anya Belz	Poster	Generation	Session 3	In Person		7	Radisson	
Session 3	2024-03-18	14:00	15:30	381	381	Improving Backchannel Prediction Leveraging Sequential and Attentive Context Awareness	Yo-Han Park, Wencke Liermann, Yong-Seok Choi, Kong Joo Lee	Poster	Dialogue and Interactive Systems	Session 3	In Person		1	Radisson	
Session 3	2024-03-18	14:00	15:30	469	469	Joint Inference of Retrieval and Generation for Passage Re-ranking	Wei Fang, Yung-Sung Chuang, James R. Glass	Poster	Information Retrieval and Text Mining	Session 3	In Person		19	Radisson	
Session 3	2024-03-18	14:00	15:30	99	99	Large Language Models for Scientific Information Extraction: An Empirical Study for Virology	Mahsa Shamsabadi, Jennifer D'Souza, Sören Auer	Poster	Information Extraction	Session 3	In Person		11	Radisson	
Session 3	2024-03-18	14:00	15:30	303	303	Less is More for Long Document Summary Evaluation by LLMs	Yunshu Wu, Hayate Iso, Pouya Pezeshkpour, Nikita Bhutani, Estevam Hruschka	Poster	Summarization	Session 3	In Person		29	Radisson	
Session 3	2024-03-18	14:00	15:30	443	443	Let's Negotiate! A Survey of Negotiation Dialogue Systems	Haolan Zhan, Yufei Wang, Zhuang Li, Tao Feng, YUNCHENG HUA, Suraj Sharma, Lizhen Qu, Zhaleh Semnani Azad, Ingrid Zukerman, Reza Haf	Poster	Dialogue and Interactive Systems	Session 3	In Person		2	Radisson	
Session 3	2024-03-18	14:00	15:30	271	271	Leveraging Open Information Extraction for More Robust Domain Transfer of Event Trigger Detection	David Dukić, Kiril Gashteovski, Goran Glavaš, Jan Snajder	Poster	Information Extraction	Session 3	In Person		12	Radisson	
Session 3	2024-03-18	14:00	15:30	301	301	Local and Global Contexts for Conversation	Zuoquan Lin	Poster	Dialogue and Interactive Systems	Session 3	In Person		3	Radisson	
Session 3	2024-03-18	14:00	15:30	13	13	More Discriminative Sentence Embeddings via Semantic Graph Smoothing	Chakib Fettal, lazhar labiod, Mohamed Nadif	Poster	Information Retrieval and Text Mining	Session 3	In Person		20	Radisson	
Session 3	2024-03-18	14:00	15:30	50	50	réchet Distance for Offline Evaluation of Information Retrieval Systems with Sparse Labels	Negar Arabzadeh, Charles L. A. Clarke	Poster	Information Retrieval and Text Mining	Session 3	In Person		21	Radisson	
Session 3	2024-03-18	14:00	15:30	382	382	SENSE-LM : A Synergy between a Language Model and Sensorimotor Representations for Auditory and Olfactory Information Extraction	Cédric BOSCHER, Christine Largeron, Véronique Eglin, Elöd Egyed-Zsigmond	Poster	Information Extraction	Session 3	In Person		13	Radisson	
Session 3	2024-03-18	14:00	15:30	417	417	Small Language Models Improve Giants by Rewriting Their Outputs	Giorgos Vernikos, Arthur Brazinskas, Jakub Adamek, Jonathan Mallinson, Aliaksei Severyn, Eric Malmi	Poster	Generation	Session 3	In Person		8	Radisson	
Session 3	2024-03-18	14:00	15:30	374	374	STable: Table Generation Framework for Encoder-Decoder Models	Michał Pietruszka, Michał Turski, Łukasz Borchmann, Tomasz Dwojak, Gabriela Nowakowska, Karolina Szyndler, Dawid Jurkiewicz, Łukasz Garncarek	Poster	Information Extraction	Session 3	In Person		14	Radisson	
Session 3	2024-03-18	14:00	15:30	177	177	Style Vectors for Steering Generative Large Language Models	Kai Konen, Sophie Jentzsch, Diaoulé Diallo, Peer Schütt, Oliver Bensch, Roxanne El Baff, Dominik Opitz, Tobias Hecking	Poster	Dialogue and Interactive Systems	Session 3	In Person		4	Radisson	
Session 3	2024-03-18	14:00	15:30	164	164	Unsupervised Multilingual Dense Retrieval via Generative Pseudo Labeling	Chao-Wei Huang, Chen-An Li, Tsu-Yuan Hsu, Chen-Yu Hsu, Yun-Nung Chen	Poster	Information Retrieval and Text Mining	Session 3	In Person		22	Radisson	
Session 3	2024-03-18	14:00	15:30	441	441	When do Generative Query and Document Expansions Fail? A Comprehensive Study Across Methods, Retrievers, and Datasets	Orion Weller, Kyle Lo, David Wadden, Dawn Lawrie, Benjamin Van Durme, Arman Cohan, Luca Soldaini	Poster	Information Retrieval and Text Mining	Session 3	In Person		23	Radisson	
Session 3	2024-03-18	14:00	15:30	254	254	Why Generate When You Can Discriminate? A Novel Technique for Text Classification using Language Models	Sachin Pawar, Nitin Ramrakhiyani, Anubhav sinha, Manoj Apte, Girish Keshav Palshikar	Poster	Information Retrieval and Text Mining	Session 3	In Person		24	Radisson	
Session 3	2024-03-18	14:00	15:30	DEMO-9	DEMO-9	DepressMind: A Depression Surveillance System for Social Media Analysis	Roque Fernández-Iglesias, Marcos Fernandez-Pichel, Mario Aragon and David E. Losada	Demo	Demo	Session 3	In Person		D-1	Radisson	
Session 3	2024-03-18	14:00	15:30	DEMO-15	DEMO-15	Multi-party Multimodal Conversations Between Patients, Their Companions, and a Social Robot in a Hospital Memory Clinic	Angus Addlesee, Neeraj Cherakara, Nivan Nelson, Daniel Hernandez Garcia, Nancie Gunson, Weronika Sieińska, Christian Dondrup and Oliver Lemon	Demo	Demo	Session 3	In Person		D-2	Radisson	
Session 3	2024-03-18	14:00	15:30	DEMO-48	DEMO-48	TL;DR Progress: Multi-faceted Literature Exploration in Text Summarization	Shahbaz Syed, Khalid Al Khatib and Martin Potthast	Demo	Demo	Session 3	In Person		D-3	Radisson	
Session 4	2024-03-18	16:00	17:30	344	344	“According to . . . ”: Prompting Language Models Improves Quoting from Pre-Training Data	Orion Weller, Marc Marone, Nathaniel Weir, Dawn Lawrie, Daniel Khashabi, Benjamin Van Durme	Poster	Interpretability and Model Analysis in NLP	Session 4	In Person		8	Radisson	
Session 4	2024-03-18	16:00	17:30	179	179	A Classification-Guided Approach for Adversarial Attacks against Neural Machine Translation	Sahar Sadrizadeh, Ljiljana Dolamic, Pascal Frossard	Poster	Interpretability and Model Analysis in NLP	Session 4	In Person		9	Radisson	
Session 4	2024-03-18	16:00	17:30	93	93	A Comprehensive Evaluation of Inductive Reasoning Capabilities and Problem Solving in Large Language Models	CHEN BOWEN, Rune Sætre, Yusuke Miyao	Poster	Interpretability and Model Analysis in NLP	Session 4	In Person		10	Radisson	
Session 4	2024-03-18	16:00	17:30	369	369	A Dataset for Metaphor Detection in Early Medieval Hebrew Poetry	Michael Toker, Oren Mishali, Ophir Münz-Manor, Benny Kimelfeld, Yonatan Belinkov	Poster	Resources and Evaluation	Session 4	In Person		29	Radisson	
Session 4	2024-03-18	16:00	17:30	260	260	Aligning Large and Small Language Models via Chain-of-Thought Reasoning	Leonardo Ranaldi, Andre Freitas	Poster	Efficient/Low-resource methods in NLP	Session 4	In Person		1	Radisson	
Session 4	2024-03-18	16:00	17:30	4	4	Anisotropy Is Inherent to Self-Attention in Transformers	Nathan Godey, Éric Villemonte de la Clergerie, Benoît Sagot	Poster	Interpretability and Model Analysis in NLP	Session 4	In Person		11	Radisson	
Session 4	2024-03-18	16:00	17:30	311	311	Approximate Attributions for Off-the-Shelf Siamese Transformers	Lucas Moeller, Dmitry Nikolaev, Sebastian Padó	Poster	Interpretability and Model Analysis in NLP	Session 4	In Person		12	Radisson	
Session 4	2024-03-18	16:00	17:30	61	61	Barriers to Effective Evaluation of Simultaneous Interpretation	Shira Wein, Te I, Colin Cherry, Juraj Juraska, Dirk Padfield, Wolfgang Macherey	Poster	Resources and Evaluation	Session 4	In Person		30	Radisson	
Session 4	2024-03-18	16:00	17:30	442	442	Can Large Language Models Understand Context?	Yilun Zhu, Joel Ruben Antony Moniz, Shruti Bhargava, Jiarui Lu, Dhivya Piraviperumal, Site Li, Yuan Zhang, Hong Yu, Bo-Hsiang Tseng	Poster	Interpretability and Model Analysis in NLP	Session 4	In Person		13	Radisson	
Session 4	2024-03-18	16:00	17:30	125	125	Centering the Speech Community	Steven Bird, Dean Yibarbuk	Poster	Resources and Evaluation	Session 4	In Person		31	Radisson	
Session 4	2024-03-18	16:00	17:30	274	274	Clustering-based Sampling for Few-Shot Cross-Domain Keyphrase Extraction	Prakamya Mishra, Lincy Pattanaik, Arunima Sundar, Nishant Yadav, Mayank Kulkarni	Poster	Efficient/Low-resource methods in NLP	Session 4	In Person		2	Radisson	
Session 4	2024-03-18	16:00	17:30	378	378	CMA-R: Causal Mediation Analysis for Explaining Rumour Detection	LIN TIAN, Xiuzhen Zhang, Jey Han Lau	Poster	Interpretability and Model Analysis in NLP	Session 4	In Person		14	Radisson	
Session 4	2024-03-18	16:00	17:30	116	116	Comparing Template-based and Template-free Language Model Probing	Sagi Shaier, Kevin Bennett, Lawrence Hunter, Katharina von der Wense	Poster	Resources and Evaluation	Session 4	In Person		32	Radisson	
Session 4	2024-03-18	16:00	17:30	461	461	Dive into the Chasm: Probing the Gap between In- and Cross-Topic Generalization	Andreas Waldis, Yufang Hou, Iryna Gurevych	Poster	Interpretability and Model Analysis in NLP	Session 4	In Person		15	Radisson	
Session 4	2024-03-18	16:00	17:30	215	215	Do Language Models Know When They're Hallucinating References?	Ayush Agrawal, Mirac Suzgun, Lester Mackey, Adam Tauman Kalai	Poster	Interpretability and Model Analysis in NLP	Session 4	In Person		16	Radisson	
Session 4	2024-03-18	16:00	17:30	205	205	Do-Not-Answer: Evaluating Safeguards in LLMs	Yuxia Wang, Haonan Li, Xudong Han, Preslav Nakov, Timothy Baldwin	Poster	Resources and Evaluation	Session 4	In Person		33	Radisson	
Session 4	2024-03-18	16:00	17:30	474	474	Establishing degrees of closeness between audio recordings along different dimensions using large-scale cross-lingual models	Maxime Fily, Guillaume Wisniewski, Severine Guillaume, Gilles Adda, Alexis Michaud	Poster	Interpretability and Model Analysis in NLP	Session 4	In Person		17	Radisson	
Session 4	2024-03-18	16:00	17:30	327	327	Explaining Speech Classification Models via Word-Level Audio Segments and Paralinguistic Features	Eliana Pastor, Alkis Koudounas, Giuseppe Attanasio, Dirk Hovy, Elena Baralis	Poster	Interpretability and Model Analysis in NLP	Session 4	In Person		18	Radisson	
Session 4	2024-03-18	16:00	17:30	288	288	Goodhart’s Law Applies to NLP’s Explanation Benchmarks	Jennifer Hsia, Danish Pruthi, Aarti Singh, Zachary Chase Lipton	Poster	Interpretability and Model Analysis in NLP	Session 4	In Person		19	Radisson	
Session 4	2024-03-18	16:00	17:30	185	185	Interpreting Predictive Probabilities: Model Confidence or Human Label Variation?	Joris Baan, Raquel Fernández, Barbara Plank, Wilker Aziz	Poster	Interpretability and Model Analysis in NLP	Session 4	Virtual		20	GatherTown	
Session 4	2024-03-18	16:00	17:30	166	166	Investigating grammatical abstraction in language models using few-shot learning of novel noun gender	Priyanka Sukumaran, Conor Houghton, Nina Kazanina	Poster	Interpretability and Model Analysis in NLP	Session 4	In Person		21	Radisson	
Session 4	2024-03-18	16:00	17:30	14	14	Leak, Cheat, Repeat: Data Contamination and Evaluation Malpractices in Closed-Source LLMs	Simone Balloccu, Patrícia Schmidtová, Mateusz Lango, Ondrej Dusek	Poster	Resources and Evaluation	Session 4	In Person		34	Radisson	
Session 4	2024-03-18	16:00	17:30	88	88	Over-Reasoning and Redundant Calculation of Large Language Models	Cheng-Han Chiang, Hung-yi Lee	Poster	Interpretability and Model Analysis in NLP	Session 4	In Person		22	Radisson	
Session 4	2024-03-18	16:00	17:30	334	334	Predicting Machine Translation Performance on Low-Resource Languages: The Role of Domain Similarity	Eric Khiu, Hasti Toossi, Jinyu Liu, Jiaxu Li, David Anugraha, Juan Armando Parra Flores, Leandro Arcos Roman, A. Seza Doğruöz, En-Shiun Annie Lee	Poster	Efficient/Low-resource methods in NLP	Session 4	In Person		3	Radisson	
Session 4	2024-03-18	16:00	17:30	267	267	Rainbow - A Benchmark for Systematic Testing of How Sensitive Visio-Linguistic Models are to Color Naming	Marie Bexte, Andrea Horbach, Torsten Zesch	Poster	Resources and Evaluation	Session 4	In Person		35	Radisson	
Session 4	2024-03-18	16:00	17:30	251	251	Relabeling Minimal Training Subset to Flip a Prediction	Jinghan Yang, Linjie Xu, Lequan Yu	Poster	Interpretability and Model Analysis in NLP	Session 4	In Person		23	Radisson	
Session 4	2024-03-18	16:00	17:30	454	454	Sorted LLaMA: Unlocking the Potential of Intermediate Layers of Large Language Models for Dynamic Inference	Parsa Kavehzadeh	Poster	Efficient/Low-resource methods in NLP	Session 4	In Person		4	Radisson	
Session 4	2024-03-18	16:00	17:30	348	348	SPUQ: Perturbation-Based Uncertainty Quantification for Large Language Models	Xiang Gao, Jiaxin Zhang, Lalla Mouatadid, Kamalika Das	Poster	Interpretability and Model Analysis in NLP	Session 4	In Person		24	Radisson	
Session 4	2024-03-18	16:00	17:30	448	448	Testing the Depth of ChatGPT's Comprehension via Cross-Modal Tasks Based on ASCII-Art: GPT3.5's Abilities in Regard to Recognizing and Generating ASCII-Art Are Not Totally Lacking	David Bayani	Poster	Interpretability and Model Analysis in NLP	Session 4	In Person		25	Radisson	
Session 4	2024-03-18	16:00	17:30	475	475	The Queen of England is not England’s Queen: On the Lack of Factual Coherency in PLMs	Paul Youssef, Jörg Schlötterer, Christin Seifert	Poster	Interpretability and Model Analysis in NLP	Session 4	In Person		26	Radisson	
Session 4	2024-03-18	16:00	17:30	194	194	The Shape of Learning: Anisotropy and Intrinsic Dimensions in Transformer-Based Models	Anton Razzhigaev, Matvey Mikhalchuk, Elizaveta Goncharova, Ivan Oseledets, Denis Dimitrov, Andrey Kuznetsov	Poster	Interpretability and Model Analysis in NLP	Session 4	In Person		27	Radisson	
Session 4	2024-03-18	16:00	17:30	292	292	Translation Errors Significantly Impact Low-Resource Languages in Cross-Lingual Learning	Ashish Sunil Agrawal, Barah Fazili, Preethi Jyothi	Poster	Resources and Evaluation	Session 4	In Person		36	Radisson	
Session 4	2024-03-18	16:00	17:30	237	237	Understanding and Mitigating Spurious Correlations in Text Classification with Neighborhood Analysis	Oscar Chew, Hsuan-Tien Lin, Kai-Wei Chang, Kuan-Hao Huang	Poster	Interpretability and Model Analysis in NLP	Session 4	In Person		28	Radisson	
Session 4	2024-03-18	16:00	17:30	439	439	Unraveling the Dynamics of Semi-Supervised Hate Speech Detection: The Impact of Unlabeled Data Characteristics and Pseudo-Labeling Strategies	Florian Ludwig, Klara Dolos, Ana Alves-Pinto, Torsten Zesch	Poster	Efficient/Low-resource methods in NLP	Session 4	In Person		5	Radisson	
Session 4	2024-03-18	16:00	17:30	264	264	What the Weight?! A Unified Framework for Zero-Shot Knowledge Composition	Carolin Holtermann, Markus Frohmann, Navid Rekabsaz, Anne Lauscher	Poster	Efficient/Low-resource methods in NLP	Session 4	In Person		6	Radisson	
Session 4	2024-03-18	16:00	17:30	161	161	Where Do We Go From Here? Multi-scale Allocentric Relational Inferencefrom Natural Spatial Descriptions	Tzuf Paz-Argaman, John Palowitch, SAYALI KULKARNI, Jason Michael Baldridge, Reut Tsarfaty	Poster	Resources and Evaluation	Session 4	In Person		37	Radisson	
Session 4	2024-03-18	16:00	17:30	214	214	Who Needs Decoders? Efficient Estimation of Sequence-Level Attributes with Proxies	Yassir Fathullah, Puria Radmard, Adian Liusie, Mark Gales	Poster	Efficient/Low-resource methods in NLP	Session 4	In Person		7	Radisson	
Session 4	2024-03-18	16:00	17:30	DEMO-5	DEMO-5	TextBI: An Interactive Dashboard for Visualizing Multidimensional NLP Annotations in Social Media Data	Maxime Masson, Christian Sallaberry, Marie-Noelle Bessagnet, Annig Le Parc Lacayrelle, Philippe Roose and Rodrigo Agerri	Demo	Demo	Session 4	In Person		D-3	Radisson	
Session 4	2024-03-18	16:00	17:30	DEMO-7	DEMO-7	A Human-Centric Evaluation Platform for Explainable Knowledge Graph Completion	Zhao Xu, Wiem Ben Rim, Kiril Gashteovski, Timo Sztyler and Carolin Lawrence	Demo	Demo	Session 4	In Person		D-1	Radisson	
Session 4	2024-03-18	16:00	17:30	DEMO-33	DEMO-33	AnnoPlot: Interactive Visualizations of Text Annotations	Elisabeth Fittschen, Tim Fischer, Daniel Brühl, Julia Spahr, Yuliia Lysa and Phuoc Thang Le	Demo	Demo	Session 4	In Person		D-2	Radisson	
Session 4	2024-03-18	16:00	17:30	DEMO-44	DEMO-44	X-AMR Annotation Tool	Shafiuddin Rehan Ahmed, Jon Cai, Martha Palmer and James H. Martin	Demo	Demo	Session 4	In Person		D-4	Radisson	
Business Meeting	2024-03-19	13:00	13:45	5	5	French GossipPrompts: Dataset For Prevention of Generating French Gossip Stories By LLMs	MSVPJ Sathvik, Abhilash Dowpati, Revanth kumar Narra	Poster	Computational Social Science and Cultural Analytics	Business Meeting	Virtual			GatherTown	
Business Meeting	2024-03-19	13:00	13:45	224	224	Discovering and Articulating Frames of Communication from Social Media Using Chain-of-Thought Reasoning	Maxwell Weinzierl, Sanda Harabagiu	Poster	Computational Social Science and Cultural Analytics	Business Meeting	Virtual			GatherTown	
Business Meeting	2024-03-19	13:00	13:45	340	340	Reading Between the Tweets: Deciphering Ideological Stances of Interconnected Mixed-Ideology Communities	Zihao He, Ashwin Rao, Siyi Guo, Negar Mokhberian, Kristina Lerman	Poster	Computational Social Science and Cultural Analytics	Business Meeting	Virtual			GatherTown	
Business Meeting	2024-03-19	13:00	13:45	464	464	LLM-GEm: Large Language Model-Guided Prediction of People's Empathy Levels towards Newspaper Article	Md Rakibul Hasan	Poster	Computational Social Science and Cultural Analytics	Business Meeting	Virtual			GatherTown	
Business Meeting	2024-03-19	13:00	13:45	24	24	Parameter-Efficient Conversational Recommender System as a Language Processing Task	Mathieu Ravaut, Hao Zhang, Lu Xu, Aixin Sun, Yong Liu	Poster	Dialogue and Interactive Systems	Business Meeting	Virtual			GatherTown	
Business Meeting	2024-03-19	13:00	13:45	151	151	Harmonizing Code-mixed Conversations: Personality-assisted Code-mixed Response Generation in Dialogues	Shivani Kumar, Tanmoy Chakraborty	Poster	Dialogue and Interactive Systems	Business Meeting	Virtual			GatherTown	
Business Meeting	2024-03-19	13:00	13:45	286	286	Investigating Agency of LLMs in Human-AI Collaboration Tasks	Ashish Sharma, Sudha Rao, Chris Brockett, Akanksha Malhotra, Nebojsa Jojic, Bill Dolan	Poster	Dialogue and Interactive Systems	Business Meeting	Virtual			GatherTown	
Business Meeting	2024-03-19	13:00	13:45	347	347	Investigating Content Planning for Navigating Trade-offs in Knowledge-Grounded Dialogue	Kushal Chawla, Hannah Rashkin, Gaurav Singh Tomar, David Reitter	Poster	Dialogue and Interactive Systems	Business Meeting	Virtual			GatherTown	
Business Meeting	2024-03-19	13:00	13:45	354	354	Creating Suspenseful Stories: Iterative Planning with Large Language Models	Kaige Xie, Mark Riedl	Poster	Dialogue and Interactive Systems	Business Meeting	Virtual			GatherTown	
Business Meeting	2024-03-19	13:00	13:45	429	429	System-Level Natural Language Feedback	Weizhe Yuan, Kyunghyun Cho, Jason E Weston	Poster	Dialogue and Interactive Systems	Business Meeting	Virtual			GatherTown	
Business Meeting	2024-03-19	13:00	13:45	296	296	Minimal Distillation Schedule for Extreme Language Model Compression	Chen Zhang, Yang Yang, Qifan Wang, Jiahao Liu, Jingang Wang, Wei Wu, Dawei Song	Poster	Efficient/Low-resource methods in NLP	Business Meeting	In Person			Radisson	
Business Meeting	2024-03-19	13:00	13:45	186	186	Quantifying Stereotypes in Language	Yang Liu	Poster	Ethics and NLP	Business Meeting	Virtual			GatherTown	
Business Meeting	2024-03-19	13:00	13:45	197	197	Smaller Language Models are Better Zero-shot Machine-Generated Text Detectors	Niloofar Mireshghallah	Poster	Ethics and NLP	Business Meeting	Virtual			GatherTown	
Business Meeting	2024-03-19	13:00	13:45	142	142	Language Model Sentence Completion with a Parser-Driven Rhetorical Control Method	Joshua Zingale, Jugal Kalita	Poster	Generation	Business Meeting	Virtual			GatherTown	
Business Meeting	2024-03-19	13:00	13:45	352	352	Advancing Precise Outline-Conditioned Text Generation with Task Duality and Explicit Outline Control	Yunzhe Li, Qian Chen, Weixiang Yan, Wen Wang, Qinglin Zhang, Hari Sundaram	Poster	Generation	Business Meeting	Virtual			GatherTown	
Business Meeting	2024-03-19	13:00	13:45	37	37	CEAN: Contrastive Event Aggregation Network with LLM-based Augmentation for Event Extraction	Zihao Meng, Tao Liu, Heng Zhang, Kai Feng, Peng Zhao	Poster	Information Extraction	Business Meeting	Virtual			GatherTown	
Business Meeting	2024-03-19	13:00	13:45	98	98	Noise Contrastive Estimation-based Matching Framework for Low-resource Security Attack Pattern Recognition	Tu Nguyen, Nedim Šrndić, Alexander Neth	Poster	Information Extraction	Business Meeting	Virtual			GatherTown	
Business Meeting	2024-03-19	13:00	13:45	256	256	EnCore: Fine-Grained Entity Typing by Pre-Training Entity Encoders on Coreference Chains	Frank Martin Mtumbuka, Steven Schockaert	Poster	Information Extraction	Business Meeting	Virtual			GatherTown	
Business Meeting	2024-03-19	13:00	13:45	481	481	CCPrefix: Counterfactual Contrastive Prefix-Tuning for Many-Class Classification	Yang Li, Canran Xu, Guodong Long, Tao Shen, Chongyang Tao, Jing Jiang	Poster	Information Extraction	Business Meeting	Virtual			GatherTown	
Business Meeting	2024-03-19	13:00	13:45	100	100	Re3val: Reinforced and Reranked Generative Retrieval	EuiYul Song, Sangryul Kim, Haeju Lee, Joonkee Kim, James Thorne	Poster	Information Retrieval and Text Mining	Business Meeting	In Person			Radisson	
Business Meeting	2024-03-19	13:00	13:45	253	253	Learning to Retrieve In-Context Examples for Large Language Models	Liang Wang, Nan Yang, Furu Wei	Poster	Information Retrieval and Text Mining	Business Meeting	Virtual			GatherTown	
Business Meeting	2024-03-19	13:00	13:45	355	355	Few-Shot Dialogue Summarization via Skeleton-Assisted Prompt Transfer in Prompt Tuning	Kaige Xie, Tong Yu, Haoliang Wang, Junda Wu, Handong Zhao, Ruiyi Zhang, Kanak Mahadik, Ani Nenkova, Mark Riedl	Poster	Interpretability and Model Analysis in NLP	Business Meeting	Virtual			GatherTown	
Business Meeting	2024-03-19	13:00	13:45	18	18	NavHint: Vision and Language Navigation Agent with a Hint Generator	Yue Zhang, Quan Guo, Parisa Kordjamshidi	Poster	Language Grounding to Vision, Robotics and Beyond	Business Meeting	Virtual			GatherTown	
Business Meeting	2024-03-19	13:00	13:45	22	22	GEAR: Augmenting Language Models with Generalizable and Efficient Tool Resolution	Yining Lu, Haoping Yu, Daniel Khashabi	Poster	Question Answering	Business Meeting	Virtual			GatherTown	
Business Meeting	2024-03-19	13:00	13:45	54	54	PEARL: Prompting Large Language Models to Plan and Execute Actions Over Long Documents	Simeng Sun, Yang Liu, Shuohang Wang, Dan Iter, Chenguang Zhu, Mohit Iyyer	Poster	Question Answering	Business Meeting	Virtual			GatherTown	
Business Meeting	2024-03-19	13:00	13:45	359	359	Ask, Assess, and Refine: Rectifying Factual Consistency and Hallucination in LLMs with Metric-Guided Feedback Learning	Dongyub Lee, Eunhwan Park, Hodong Lee, Heuiseok Lim	Poster	Question Answering	Business Meeting	Virtual			GatherTown	
Business Meeting	2024-03-19	13:00	13:45	380	380	A RelEntLess Benchmark for Modelling Graded Relations between Named Entities	Asahi Ushio, Jose Camacho-Collados, Steven Schockaert	Poster	Semantics: Lexical	Business Meeting	Virtual			GatherTown	
Business Meeting	2024-03-19	13:00	13:45	30	30	Language Models as Inductive Reasoners	Zonglin Yang, Li Dong, Xinya Du, Hao Cheng, Erik Cambria, Xiaodong Liu, Jianfeng Gao, Furu Wei	Poster	Semantics: Sentence-level Semantics, Textual Inference and other areas	Business Meeting	Virtual			GatherTown	
Business Meeting	2024-03-19	13:00	13:45	104	104	ConstraintChecker: A Plugin for Large Language Models to Reason on Commonsense Knowledge Bases	Quyet V. Do, Tianqing Fang, Shizhe Diao, Zhaowei Wang, Yangqiu Song	Poster	Semantics: Sentence-level Semantics, Textual Inference and other areas	Business Meeting	In Person			Radisson	
Business Meeting	2024-03-19	13:00	13:45	150	150	Capturing the Relationship Between Sentence Triplets for LLM and Human-Generated Texts to Enhance Sentence Embeddings	Na Min An, Sania Waheed, James Thorne	Poster	Semantics: Sentence-level Semantics, Textual Inference and other areas	Business Meeting	Virtual			GatherTown	
Business Meeting	2024-03-19	13:00	13:45	155	155	Leveraging Multi-lingual Positive Instances in Contrastive Learning to Improve Sentence Embedding	Kaiyan Zhao, Qiyu Wu, Xin-Qiang Cai, Yoshimasa Tsuruoka	Poster	Semantics: Sentence-level Semantics, Textual Inference and other areas	Business Meeting	Virtual			GatherTown	
Business Meeting	2024-03-19	13:00	13:45	336	336	Does CLIP Bind Concepts? Probing Compositionality in Large Image Models	Martha Lewis, Nihal V. Nayak, Peilin Yu, Jack Merullo, Qinan Yu, Stephen Bach, Ellie Pavlick	Poster	Semantics: Sentence-level Semantics, Textual Inference and other areas	Business Meeting	Virtual			GatherTown	
Business Meeting	2024-03-19	13:00	13:45	434	434	Self-training Strategies for Sentiment Analysis: An Empirical Study	Haochen Liu	Poster	Sentiment Analysis, Stylistic Analysis and Argument Mining	Business Meeting	Virtual			GatherTown	
Business Meeting	2024-03-19	13:00	13:45	53	53	Evaluating the Factuality of Zero-shot Summarizers Across Varied Domains	Sanjana Ramprasad, Kundan Krishna, Zachary Chase Lipton, Byron C Wallace	Poster	Summarization	Business Meeting	Virtual			GatherTown	
Business Meeting	2024-03-19	13:00	13:45	134	134	Personalized Abstractive Summarization by Tri-agent Generation Pipeline	Wen Xiao, Yujia Xie, Giuseppe Carenini, Pengcheng He	Poster	Summarization	Business Meeting	Virtual			GatherTown	
Business Meeting	2024-03-19	13:00	13:45	141	141	Entity-level Factual Adaptiveness of Fine-tuning based Abstractive Summarization Models	Jongyoon Song, Nohil Park, Bongkyu Hwang, Jaewoong Yun, Seongho Joe, Youngjune Gwon, Sungroh Yoon	Poster	Summarization	Business Meeting	Virtual			GatherTown	
Business Meeting	2024-03-19	13:00	13:45	153	153	Source Identification in Abstractive Summarization	Yoshi Suhara, Dimitris Alikaniotis	Poster	Summarization	Business Meeting	Virtual			GatherTown	
Business Meeting	2024-03-19	13:00	13:45	SRW-3	SRW-3	The KIND Dataset: A Social Collaboration Approach for Nuanced Dialect Data Collection	Asma Z. Yamani, Raghad Alziyady, Reem AlYami, Salma A. Albelali, Leina A. Albelali, Jawha- rah Almulhim, Amjad K. Alsulami, Motaz Alfarraj and Rabeah A. Al-Zaidy	SRW	Student Research Workshop	Business Meeting	Virtual			GatherTown	
Business Meeting	2024-03-19	13:00	13:45	SRW-9	SRW-9	UnMASKed: Quantifying Gender Biases in Masked Language Models through Linguistically Informed Job Market Prompts	Iñigo Parra	SRW	Student Research Workshop	Business Meeting	Virtual			GatherTown	
Business Meeting	2024-03-19	13:00	13:45	SRW-10	SRW-10	Distribution Shifts Are Bottlenecks: Extensive Evaluation for Grounding Language Models to Knowledge Bases	Yiheng Shu and Zhiwei Yu	SRW	Student Research Workshop	Business Meeting	Virtual			GatherTown	
Business Meeting	2024-03-19	13:00	13:45	SRW-15	SRW-15	AttriSage: Product Attribute Value Extraction Using Graph Neural Networks	Rohan Potta, Mallika Asthana, Siddhant Yadav, Nidhi Goyal, Sai Amrit Patnaik and Parul Jain	SRW	Student Research Workshop	Business Meeting	Virtual			GatherTown	
Business Meeting	2024-03-19	13:00	13:45	SRW-24	SRW-24	Arabic Synonym BERT-based Adversarial Examples for Text Classification	Norah F Alshahrani, Saied Alshahrani, Esma Wali and Jeanna Matthews	SRW	Student Research Workshop	Business Meeting	Virtual			GatherTown	
Business Meeting	2024-03-19	13:00	13:45	SRW-28	SRW-28	Align before Attend: Aligning Visual and Textual Features for Multimodal Hateful Content Detection	Eftekhar Hossain, Omar Sharif, Mohammed Moshiul Hoque and Sarah Masud Preum	SRW	Student Research Workshop	Business Meeting	Virtual			GatherTown	
Business Meeting	2024-03-19	13:00	13:45	SRW-33	SRW-33	Thesis Proposal: {D}etecting Agency Attribution	Igor Ryazanov and Johanna Björklund	SRW	Student Research Workshop	Business Meeting	Virtual			GatherTown	
Business Meeting	2024-03-19	13:00	13:45	SRW-36	SRW-36	Social Media Portrayals of Happy Moments Among Depressed Individuals	Ana-Maria Bucur, Berta Chulvi, Adrian Cosma, Paolo Rosso	SRW	Student Research Workshop	Business Meeting	Virtual			GatherTown	
Business Meeting	2024-03-19	13:00	13:45	SRW-40	SRW-40	Large Language Models for Mathematical Reasoning: Progresses and Challenges	Janice Ahn, Rishu Verma, Renze Lou, Di Liu, Rui Zhang and Wenpeng Yin	SRW	Student Research Workshop	Business Meeting	In Person			Radisson	
Business Meeting	2024-03-19	13:00	13:45	SRW-47	SRW-47	Generative Data Augmentation using LLMs improves Distributional Robustness in Question Answering	Arijit Ghosh Chowdhury and Aman Chadha	SRW	Student Research Workshop	Business Meeting	Virtual			GatherTown	
Business Meeting	2024-03-19	13:00	13:45	SRW-55	SRW-55	Thesis Proposal: Detecting Empathy Using Multimodal Language Model	Md Rakibul Hasan, Md Zakir Hossain, Aneesh Krishna, Shafin Rahman and Tom Gedeon	SRW	Student Research Workshop	Business Meeting	Virtual			GatherTown	
Session 7	2024-03-19	14:00	15:30	SRW-25	SRW-25	A Hypothesis-Driven Framework for the Analysis of Self-Rationalising Models	Marc Braun and Jenny Kunz	SRW	Student Research Workshop	Session 7	In Person		1	Radisson	
Session 7	2024-03-19	14:00	15:30	SRW-37	SRW-37	A Thesis Proposal ClaimInspector Framework: A Hybrid Approach to Data Annotation using Fact-Checked Claims and LLMs	Basak Bozkurt	SRW	Student Research Workshop	Session 7	In Person		2	Radisson	
Session 7	2024-03-19	14:00	15:30	SRW-15	SRW-15	AttriSage: Product Attribute Value Extraction Using Graph Neural Networks	Rohan Potta, Mallika Asthana, Siddhant Yadav, Nidhi Goyal, Sai Amrit Patnaik and Parul Jain	SRW	Student Research Workshop	Session 7	Virtual		3	GatherTown	
Session 7	2024-03-19	14:00	15:30	SRW-1	SRW-1	AutoAugment Is What You Need: Enhancing Rule-based Augmentation Methods in Low-resource Regimes	Juhwan Choi, Kyohoon Jin, Junho Lee, Sangmin Song and YoungBin Kim	SRW	Student Research Workshop	Session 7	In Person		4	Radisson	
Session 7	2024-03-19	14:00	15:30	SRW-53	SRW-53	Benchmarking Diffusion Models for Machine Translation	Yunus Demirag, Danni Liu and Jan Niehues	SRW	Student Research Workshop	Session 7	In Person		5	Radisson	
Session 7	2024-03-19	14:00	15:30	SRW-52	SRW-52	Can docstring reformulation with an LLM improve code generation?	Nicola Dainese, Alexander Ilin and Pekka Marttinen	SRW	Student Research Workshop	Session 7	In Person		6	Radisson	
Session 7	2024-03-19	14:00	15:30	SRW-4	SRW-4	Can Stanza be Used for Part-of-Speech Tagging Historical Polish?	Maria Irena Szawerna	SRW	Student Research Workshop	Session 7	In Person		7	Radisson	
Session 7	2024-03-19	14:00	15:30	SRW-62	SRW-62	Dynamic Task-Oriented Dialogue: A Comparative Study of Llama-2 and Bert in Slot Value Generation	Tiziano Labruna, Sofia Brenna and Bernardo Magnini	SRW	Student Research Workshop	Session 7	In Person		8	Radisson	
Session 7	2024-03-19	14:00	15:30	SRW-27	SRW-27	Exploring Large Language Models' Understanding of Shitsukan	Yukiko Ishizuki, Daiki Shiono, Ana Brassard, Jun Suzuki	SRW	Student Research Workshop	Session 7	In Person		9	Radisson	
Session 7	2024-03-19	14:00	15:30	SRW-54	SRW-54	Forged-GAN-BERT: Authorship Attribution for LLM-Generated Forged Novels	Kanishka Silva, Ingo Frommholz, Burcu Can, Fred Blain, Raheem Sarwar and Laura Ugolini	SRW	Student Research Workshop	Session 7	In Person		10	Radisson	
Session 7	2024-03-19	14:00	15:30	SRW-2	SRW-2	Generating Diverse Translation with Perturbed $k$nn-MT	Yuto Nishida, Makoto Morishita, Hidetaka Kamigaito and Taro Watanabe	SRW	Student Research Workshop	Session 7	In Person		11	Radisson	
Session 7	2024-03-19	14:00	15:30	SRW-51	SRW-51	GesNavi: Gesture-guided Outdoor Vision-and-Language Navigation	Aman Jain, Teruhisa Misu, Kentaro Yamada and Hitomi Yanaka	SRW	Student Research Workshop	Session 7	In Person		12	Radisson	
Session 7	2024-03-19	14:00	15:30	SRW-17	SRW-17	HypoTermQA: Hypothetical Terms Dataset for Benchmarking Hallucination Tendency of LLMs	Cem Uluoglakci and Tugba Taskaya Temizel	SRW	Student Research Workshop	Session 7	In Person		13	Radisson	
Session 7	2024-03-19	14:00	15:30	SRW-48	SRW-48	Japanese-English Sentence Translation Exercises Dataset for Automatic Grading	Naoki Miura, Hiroaki Funayama, Seiya Kikuchi, Yuichiroh Matsubayashi, Yuya Iwase and Ken- taro Inui	SRW	Student Research Workshop	Session 7	In Person		14	Radisson	
Session 7	2024-03-19	14:00	15:30	SRW-61	SRW-61	On Sociodemographics Variables and Sociodemographic Prompting	Tiancheng Hu, Nigel Collier	SRW	Student Research Workshop	Session 7	In Person		15	Radisson	
Session 7	2024-03-19	14:00	15:30	SRW-31	SRW-31	Reforging : A Method for Constructing a Linguistically Valid Japanese CCG Treebank	Asa Tomita, Hitomi Yanaka and Daisuke Bekki	SRW	Student Research Workshop	Session 7	In Person		16	Radisson	
Session 7	2024-03-19	14:00	15:30	SRW-41	SRW-41	Representation and Generation of Machine Learning Test Functions	Souha Ben Hassine and Steven R. Wilson	SRW	Student Research Workshop	Session 7	In Person		17	Radisson	
Session 7	2024-03-19	14:00	15:30	SRW-46	SRW-46	"The Generative AI Paradox in Evaluation: ""What It Can Solve, It May Not Evaluate"""	Juhyun Oh, Eunsu Kim, Inha Cha and Alice Oh	SRW	Student Research Workshop	Session 7	In Person		18	Radisson	
Session 7	2024-03-19	14:00	15:30	SRW-49	SRW-49	The Impact of Integration Step on Integrated Gradients	Masahiro Makino, Yuya Asazuma, Shota Sasaki and Jun Suzuki	SRW	Student Research Workshop	Session 7	In Person		19	Radisson	
Session 7	2024-03-19	14:00	15:30	SRW-29	SRW-29	Topic-guided Example Selection for Domain Adaptation in LLM-based Machine Translation	Seth Aycock and Rachel Bawden	SRW	Student Research Workshop	Session 7	In Person		20	Radisson	
Session 7	2024-03-19	14:00	15:30	SRW-60	SRW-60	Toward Sentiment Aware Semantic Change Analysis	Roksana Goworek and Haim Dubossarsky	SRW	Student Research Workshop	Session 7	In Person		21	Radisson	
Session 7	2024-03-19	14:00	15:30	SRW-8	SRW-8	Toward Zero-Shot Instruction Following	Renze Lou and Wenpeng Yin	SRW	Student Research Workshop	Session 7	In Person		22	Radisson	
Session 8	2024-03-19	16:00	17:30	45	45	Align and Augment: Generative Data Augmentation for Compositional Generalization	Francesco Cazzaro, Davide Locatelli, Ariadna Quattoni	Poster	Semantics: Sentence-level Semantics, Textual Inference and other areas	Session 8	In Person		22	Radisson	
Session 8	2024-03-19	16:00	17:30	123	123	AnthroScore: A Computational Linguistic Measure of Anthropomorphism	Myra Cheng, Kristina Gligoric, Tiziano Piccardi, Dan Jurafsky	Poster	Computational Social Science and Cultural Analytics	Session 8	In Person		1	Radisson	
Session 8	2024-03-19	16:00	17:30	149	149	Automated Cognate Detection as a Supervised Link Prediction Task with Cognate Transformer	V.S.D.S.Mahesh Akavarapu, Arnab Bhattacharya	Poster	Phonology, Morphology, and Word Segmentation	Session 8	In Person		16	Radisson	
Session 8	2024-03-19	16:00	17:30	165	165	Bias in Opinion Summarisation from Pre-training to Adaptation: A Case Study in Political Bias	Nannan Huang, Haytham M. Fayek, Xiuzhen Zhang	Poster	Ethics and NLP	Session 8	In Person		7	Radisson	
Session 8	2024-03-19	16:00	17:30	132	132	Bootstrap Your Own PLM: Boosting Semantic Features of PLMs for Unsuperivsed Contrastive Learning	Yoo Hyun Jeong, Myeong soo Han, Dong-Kyu Chae	Poster	Semantics: Sentence-level Semantics, Textual Inference and other areas	Session 8	In Person		23	Radisson	
Session 8	2024-03-19	16:00	17:30	216	216	Bridging Cultural Nuances in Dialogue Agents through Cultural Value Surveys	Yong Cao, Min Chen, Daniel Hershcovich	Poster	Computational Social Science and Cultural Analytics	Session 8	In Person		2	Radisson	
Session 8	2024-03-19	16:00	17:30	249	249	Computational Morphology and Lexicography Modeling of Modern Standard Arabic Nominals	Christian Khairallah, Reham Marzouk, Salam Khalifa, Mayar Nassar, Nizar Habash	Poster	Phonology, Morphology, and Word Segmentation	Session 8	In Person		17	Radisson	
Session 8	2024-03-19	16:00	17:30	313	313	Describing Images $\textit{Fast and Slow}$: Quantifying and Predicting the Variation in Human Signals during Visuo-Linguistic Processes	Ece Takmaz, Sandro Pezzelle, Raquel Fernández	Poster	Linguistic Theories, Cognitive Modeling and Psycholinguistics	Session 8	In Person		14	Radisson	
Session 8	2024-03-19	16:00	17:30	373	373	Effective Controllable Bias Mitigation for Classification and Retrieval using Gate Adapters	Shahed Masoudian, Cornelia Volaucnik, Markus Schedl, Navid Rekabsaz	Poster	Ethics and NLP	Session 8	In Person		8	Radisson	
Session 8	2024-03-19	16:00	17:30	2	2	Enhancing Ethical Explanations of Large Language Models through Iterative Symbolic Refinement	XIN QUAN, Marco Valentino, Louise A. Dennis, Andre Freitas	Poster	Ethics and NLP	Session 8	In Person		9	Radisson	
Session 8	2024-03-19	16:00	17:30	160	160	Exploring the Potential of ChatGPT on Sentence Level Relations: A Focus on Temporal, Causal, and Discourse Relations	Chunkit Chan, Cheng Jiayang, Weiqi Wang, Yuxin Jiang, Tianqing Fang, Xin Liu, Yangqiu Song	Poster	Semantics: Sentence-level Semantics, Textual Inference and other areas	Session 8	In Person		24	Radisson	
Session 8	2024-03-19	16:00	17:30	159	159	From Partial to Strictly Incremental Constituent Parsing	Ana Ezquerro, Carlos Gómez-Rodríguez, David Vilares	Poster	Syntax: Tagging, Chunking and Parsing	Session 8	In Person		30	Radisson	
Session 8	2024-03-19	16:00	17:30	220	220	Graph-based Clustering for Detecting Semantic Change Across Time and Languages	Xianghe Ma, Michael Strube, Wei Zhao	Poster	Semantics: Lexical	Session 8	In Person		20	Radisson	
Session 8	2024-03-19	16:00	17:30	399	399	GUMsley: Evaluating Entity Salience in Summarization for 12 English Genres	Jessica Lin, Amir Zeldes	Poster	Computational Social Science and Cultural Analytics	Session 8	In Person		3	Radisson	
Session 8	2024-03-19	16:00	17:30	278	278	Human Temporal Inferences Go Beyond Aspectual Class	Katarzyna Pruś, Mark Steedman, Adam Lopez	Poster	Semantics: Sentence-level Semantics, Textual Inference and other areas	Session 8	In Person		25	Radisson	
Session 8	2024-03-19	16:00	17:30	182	182	Improving Generalization in Semantic Parsing by Increasing Natural Language Variation	Irina Saparina, Mirella Lapata	Poster	Semantics: Sentence-level Semantics, Textual Inference and other areas	Session 8	In Person		26	Radisson	
Session 8	2024-03-19	16:00	17:30	390	390	In-Contextual Gender Bias Suppression for Large Language Models	Daisuke Oba, Masahiro Kaneko, Danushka Bollegala	Poster	Ethics and NLP	Session 8	In Person		10	Radisson	
Session 8	2024-03-19	16:00	17:30	243	243	IndiVec: An Exploration of Leveraging Large Language Models for Media Bias Detection with Fine-Grained Bias Indicators	Luyang Lin, Lingzhi Wang, Xiaoyan Zhao, Jing Li, Kam-Fai Wong	Poster	Computational Social Science and Cultural Analytics	Session 8	In Person		4	Radisson	
Session 8	2024-03-19	16:00	17:30	65	65	LAraBench: Benchmarking Arabic AI with Large Language Models	Ahmed Abdelali, Hamdy Mubarak, Shammur Absar Chowdhury, Maram Hasanain, Basel Mousi, Sabri Boughorbel, Samir Abdaljalil, Yassine El Kheir, Daniel Izham, Fahim Dalvi, Majd Hawasly, Nizi Nazar, Youssef Ibrahim Elshahawy, Ahmed Ali, Nadir Durrani, Natasa Milic-Frayling, Firoj Alam	Poster	Resources and Evaluation	Session 8	In Person		19	Radisson	
Session 8	2024-03-19	16:00	17:30	58	58	Large Language Models for Psycholinguistic Plausibility Pretesting	Samuel Joseph Amouyal, Aya Meltzer-Asscher, Jonathan Berant	Poster	Linguistic Theories, Cognitive Modeling and Psycholinguistics	Session 8	In Person		15	Radisson	
Session 8	2024-03-19	16:00	17:30	87	87	MAFIA: Multi-Adapter Fused Inclusive Language Models	Prachi Jain, Ashutosh Sathe, Varun Gumma, Kabir Ahuja, Sunayana Sitaram	Poster	Ethics and NLP	Session 8	In Person		11	Radisson	
Session 8	2024-03-19	16:00	17:30	154	154	Morality is Non-Binary: Building a Pluralist Moral Sentence Embedding Space using Contrastive Learning	Jeongwoo Park, Enrico Liscio, Pradeep Kumar Murukannaiah	Poster	Computational Social Science and Cultural Analytics	Session 8	In Person		5	Radisson	
Session 8	2024-03-19	16:00	17:30	3	3	Multi-Relational Hyperbolic Word Embeddings from Natural Language Definitions	Marco Valentino, Danilo Carvalho, Andre Freitas	Poster	Semantics: Lexical	Session 8	In Person		21	Radisson	
Session 8	2024-03-19	16:00	17:30	326	326	Neuralign: A Context-Aware, Cross-Lingual and Fully-Neural Sentence Alignment System for Long Texts	Francesco Maria Molfese, Andrei Stefan Bejgu, Simone Tedeschi, Simone Conia, Roberto Navigli	Poster	Semantics: Sentence-level Semantics, Textual Inference and other areas	Session 8	In Person		27	Radisson	
Session 8	2024-03-19	16:00	17:30	342	342	NevIR: Negation in Neural Information Retrieval	Orion Weller, Dawn Lawrie, Benjamin Van Durme	Poster	Information Retrieval and Text Mining	Session 8	In Person		13	Radisson	
Session 8	2024-03-19	16:00	17:30	190	190	Probing Critical Learning Dynamics of LLMs for Hate Speech Detection	Sarah Masud, Mohammad Aflah Khan, Vikram Goyal, Md Shad Akhtar, Tanmoy Chakraborty	Poster	Computational Social Science and Cultural Analytics	Session 8	In Person		6	Radisson	
Session 8	2024-03-19	16:00	17:30	226	226	Rethinking STS and NLI in Large Language Models	Yuxia Wang, Minghan Wang, Preslav Nakov	Poster	Semantics: Sentence-level Semantics, Textual Inference and other areas	Session 8	In Person		28	Radisson	
Session 8	2024-03-19	16:00	17:30	131	131	Simple Temperature Cool-down in Contrastive Framework for Unsupervised Sentence Representation Learning	Yoo Hyun Jeong, Myeong soo Han, Dong-Kyu Chae	Poster	Semantics: Sentence-level Semantics, Textual Inference and other areas	Session 8	In Person		29	Radisson	
Session 8	2024-03-19	16:00	17:30	263	263	Uncovering Stereotypes in Large Language Models: A Task Complexity-based Approach	Hari Shrawgi, Prasanjit Rath, Tushar Singhal, Sandipan Dandapat	Poster	Ethics and NLP	Session 8	In Person		12	Radisson	
Session 8	2024-03-19	16:00	17:30	39	39	Where are we Still Split on Tokenization?	Rob van der Goot	Poster	Phonology, Morphology, and Word Segmentation	Session 8	In Person		18	Radisson	
Session 8	2024-03-19	16:00	17:30	DEMO-11	DEMO-11	Check News in One Click: NLP-Empowered Pro-Kremlin Propaganda Detection	Veronika Solopova, Viktoriia Herman, Christoph Benzmüller and Tim Landgraf	Demo	Demo	Session 8	In Person		D-1	Radisson	
Session 8	2024-03-19	16:00	17:30	DEMO-22	DEMO-22	ScamSpot: Fighting Financial Fraud in Instagram Comments	Stefan Erben and Andreas Waldis	Demo	Demo	Session 8	In Person		D-4	Radisson	
Session 8	2024-03-19	16:00	17:30	DEMO-27	DEMO-27	NarrativePlay: Interactive Narrative Understanding	Runcong Zhao, Wenjia Zhang, Jiazheng Li, Lixing Zhu, Yanran Li, Yulan He and Lin Gui	Demo	Demo	Session 8	In Person		D-3	Radisson	
Session 8	2024-03-19	16:00	17:30	DEMO-37	DEMO-37	The DURel Annotation Tool: Human and Computational Measurement of Semantic Proximity, Sense Clusters and Semantic Change	Dominik Schlechtweg, Shafqat Mumtaz Virk, Pauline Sander, Emma Sköldberg, Lukas Theuer Linke, Tuo Zhang, Nina Tahmasebi, Jonas Kuhn and Sabine Schulte im Walde	Demo	Demo	Session 8	In Person		D-5	Radisson	
Session 8	2024-03-19	16:00	17:30	DEMO-49	DEMO-49	FRAPPE: FRAming, Persuasion, and Propaganda Explorer	Ahmed Sajwani, Alaa El setohy, Ali Mekky, Diana Turmakhan, Lara Hassan, Mohamed El Zeftawy, Omar El Herraoui, Osama Mohammed Afzal, Qisheng Liao, Tarek Mahmoud, Zain Muhammad Mujahid, Muhammad Umar Salman, Muhammad Arslan Manzoor, Massa Baali, Jakub Piskorski, Nicolas Stefanovitch, Giovanni Da San Martino and Preslav Nakov	Demo	Demo	Session 8	In Person		D-2	Radisson	
Session 10	2024-03-20	11:00	12:30	16	16	  Hyper-BTS Dataset: Scalability and Enhanced Analysis of Back TranScription (BTS) for ASR Post-Processing	Chanjun Park, Jaehyung Seo, Seolhwa Lee, Junyoung Son, Hyeonseok Moon, Sugyeong Eo, Chanhee Lee, Heuiseok Lim	Poster	Speech recognition, text-to-speech and spoken language understanding	Session 10	In Person		26	Radisson	
Session 10	2024-03-20	11:00	12:30	86	86	  mPLM-Sim: Better Cross-Lingual Similarity and Transfer in Multilingual Pretrained Language Models	Peiqin Lin, Chengzhi Hu, Zheyu Zhang, Andre Martins, Hinrich Schuetze	Poster	Multilinguality and Language Diversity	Session 10	In Person		7	Radisson	
Session 10	2024-03-20	11:00	12:30	456	456	AccentFold: A Journey through African Accents for Zero-Shot ASR Adaptation to Target Accents	Abraham Toluwase Owodunni, Aditya Yadavalli, Chris Chinenye Emezue, Tobi Olatunji, Clinton C Mbataku	Poster	Multilinguality and Language Diversity	Session 10	In Person		8	Radisson	
Session 10	2024-03-20	11:00	12:30	60	60	An Examination of the Robustness of Reference-Free Image Captioning Evaluation Metrics	Saba Ahmadi, Aishwarya Agrawal	Poster	Multimodality and Language Grounding to Vision, Robotics and Beyond	Session 10	In Person		21	Radisson	
Session 10	2024-03-20	11:00	12:30	468	468	Analyzing the Evaluation of Cross-Lingual Knowledge Transfer in Multilingual Language Models	Sara Rajaee, Christof Monz	Poster	Multilinguality and Language Diversity	Session 10	In Person		9	Radisson	
Session 10	2024-03-20	11:00	12:30	384	384	Analyzing the Role of Part-of-Speech in Code-Switching: A Corpus-Based Study	Jie Chi, Peter Bell	Poster	Multilinguality and Language Diversity	Session 10	In Person		10	Radisson	
Session 10	2024-03-20	11:00	12:30	TACL3	TACL3	Are Character-level Translations Worth the Wait? Comparing Pretrained Character- and Subword-level Models for Machine Translation	Lukas Edman, Gabriele Sarti, Antonio Toral, Gertjan van Noord, Arianna Bisazza	Poster	Machine Translation	Session 10	In Person		31	Radisson	
Session 10	2024-03-20	11:00	12:30	245	245	Are Large Language Model-based Evaluators the Solution to Scaling Up Multilingual Evaluation?	Rishav Hada, Varun Gumma, Adrian de Wynter, Harshita Diddee, Mohamed Ahmed, Monojit Choudhury, Kalika Bali, Sunayana Sitaram	Poster	Multilinguality and Language Diversity	Session 10	In Person		11	Radisson	
Session 10	2024-03-20	11:00	12:30	337	337	Code-Switching and Back-Transliteration Using a Bilingual Model	Daniel Weisberg Mitelman, Nachum Dershowitz, Kfir Bar	Poster	shows virtual	Session 10	In Person		25	Radisson	
Session 10	2024-03-20	11:00	12:30	412	412	CODET: A Benchmark for Contrastive Dialectal Evaluation of Machine Translation	Md Mahfuz Ibn Alam, Sina Ahmadi, Antonios Anastasopoulos	Poster	Machine Translation	Session 10	In Person		1	Radisson	
Session 10	2024-03-20	11:00	12:30	451	451	Cross-lingual Editing in Multilingual Language Models	Himanshu Beniwal, Kowsik Nandagopan D, Mayank Singh	Poster	Multilinguality and Language Diversity	Session 10	In Person		12	Radisson	
Session 10	2024-03-20	11:00	12:30	157	157	Cross-Lingual Transfer from Related Languages: Treating Low-Resource Maltese as Multilingual Code-Switching	Kurt Micallef, Nizar Habash, Claudia Borg, Fadhl Eryani, Houda Bouamor	Poster	Multilinguality and Language Diversity	Session 10	In Person		13	Radisson	
Session 10	2024-03-20	11:00	12:30	283	283	Efficiently Aligned Cross-Lingual Transfer Learning for Conversational Tasks using Prompt-Tuning	Lifu Tu, Jin Qu, Semih Yavuz, Shafiq Joty, Wenhao Liu, Caiming Xiong, Yingbo Zhou	Poster	Multilinguality and Language Diversity	Session 10	In Person		14	Radisson	
Session 10	2024-03-20	11:00	12:30	52	52	Exploring the Robustness of Task-oriented Dialogue Systems for Colloquial German Varieties	Ekaterina Artemova, Verena Blaschke, Barbara Plank	Poster	Multilinguality and Language Diversity	Session 10	In Person		15	Radisson	
Session 10	2024-03-20	11:00	12:30	9	9	GPTs Are Multilingual Annotators for Sequence Generation Tasks	Juhwan Choi, Eunju Lee, Kyohoon Jin, YoungBin Kim	Poster	Multilinguality and Language Diversity	Session 10	In Person		16	Radisson	
Session 10	2024-03-20	11:00	12:30	40	40	How Transferable are Attribute Controllers on Pretrained Multilingual Translation Models?	Danni Liu, Jan Niehues	Poster	Machine Translation	Session 10	In Person		2	Radisson	
Session 10	2024-03-20	11:00	12:30	285	285	Improving Grounded Language Understanding in a Collaborative Environment by Interacting with Agents Through Help Feedback	Nikhil Mehta, Milagro Teruel, Xin Deng, Sergio Patricio Figueroa Sanz, Ahmed Hassan Awadallah, Julia Kiseleva	Poster	Multimodality and Language Grounding to Vision, Robotics and Beyond	Session 10	In Person		22	Radisson	
Session 10	2024-03-20	11:00	12:30	77	77	Investigating the Potential of Task Arithmetic for Cross-Lingual Transfer	Marinela Parović, Ivan Vulić, Anna Korhonen	Poster	Multilinguality and Language Diversity	Session 10	In Person		17	Radisson	
Session 10	2024-03-20	11:00	12:30	379	379	Morphology Aware Source Term Masking for Terminology-Constrained NMT	Ander Corral, Xabier Saralegi	Poster	Machine Translation	Session 10	In Person		3	Radisson	
Session 10	2024-03-20	11:00	12:30	44	44	Multilingual Gradient Word-Order Typology from Universal Dependencies	Emi Baylor, Esther Ploeger, Johannes Bjerva	Poster	Multilinguality and Language Diversity	Session 10	In Person		18	Radisson	
Session 10	2024-03-20	11:00	12:30	371	371	On Measuring Context Utilization in Document-Level MT Systems	Wafaa Mohammed, Vlad Niculae	Poster	Machine Translation	Session 10	In Person		4	Radisson	
Session 10	2024-03-20	11:00	12:30	17	17	ParrotTTS: Text-to-speech synthesis exploiting disentangled self-supervised representations	Neil Shah, Saiteja Kosgi, Vishal Tambrahalli, Neha S, Anil Kumar Nelakanti, Vineet Gandhi	Poster	Speech recognition, text-to-speech and spoken language understanding	Session 10	In Person		27	Radisson	
Session 10	2024-03-20	11:00	12:30	158	158	Prosody in Cascade and Direct Speech-to-Text Translation: a case study on Korean Wh-Phrases	Giulio Zhou, Tsz Kin Lam, Alexandra Birch, Barry Haddow	Poster	Speech recognition, text-to-speech and spoken language understanding	Session 10	In Person		28	Radisson	
Session 10	2024-03-20	11:00	12:30	139	139	Revisiting the Markov Property for Machine Translation	Cunxiao Du, Hao Zhou, Zhaopeng Tu, Jing Jiang	Poster	Machine Translation	Session 10	In Person		5	Radisson	
Session 10	2024-03-20	11:00	12:30	420	420	Sequence Shortening for Context-Aware Machine Translation	Paweł Maka, Yusuf Can Semerci, Jan Scholtes, Gerasimos Spanakis	Poster	Machine Translation	Session 10	In Person		6	Radisson	
Session 10	2024-03-20	11:00	12:30	170	170	The Role of Data Curation in Image Captioning	Wenyan Li, Jonas F. Lotz, Chen Qiu, Desmond Elliott	Poster	Multimodality and Language Grounding to Vision, Robotics and Beyond	Session 10	In Person		23	Radisson	
Session 10	2024-03-20	11:00	12:30	413	413	ToPro: Token-Level Prompt Decomposition for Cross-Lingual Sequence Labeling Tasks	Bolei Ma, Ercong Nie, Shuzhou Yuan, Helmut Schmid, Michael Färber, Frauke Kreuter, Hinrich Schuetze	Poster	Multilinguality and Language Diversity	Session 10	In Person		19	Radisson	
Session 10	2024-03-20	11:00	12:30	96	96	Towards efficient self-supervised representation learning in speech processing	Luis Lugo, Valentin Vielzeuf	Poster	Speech recognition, text-to-speech and spoken language understanding	Session 10	In Person		29	Radisson	
Session 10	2024-03-20	11:00	12:30	70	70	Towards Hierarchical Spoken Language Disfluency Modeling	Jiachen Lian, Gopala Anumanchipalli	Poster	Speech recognition, text-to-speech and spoken language understanding	Session 10	In Person		30	Radisson	
Session 10	2024-03-20	11:00	12:30	480	480	Understanding the effects of language-specific class imbalance in multilingual fine-tuning	Vincent Jung, Lonneke van der Plas	Poster	Multilinguality and Language Diversity	Session 10	In Person		20	Radisson	
Session 10	2024-03-20	11:00	12:30	233	233	VEIL: Vetting Extracted Image Labels from In-the-Wild Captions for Weakly-Supervised Object Detection	Arushi Rai, Adriana Kovashka	Poster	Multimodality and Language Grounding to Vision, Robotics and Beyond	Session 10	In Person		24	Radisson	
Session 10	2024-03-20	11:00	12:30	DEMO-32	DEMO-32	DP-NMT: Scalable Differentially Private Machine Translation	Timour Igamberdiev, Doan Nam Long Vu, Felix Kuennecke, Zhuo Yu, Jannik Holmer and Ivan Habernal	Demo	Demo	Session 10	In Person		D-1	Radisson	
Session 10	2024-03-20	11:00	12:30	DEMO-36	DEMO-36	MAMMOTH: Massively Multilingual Modular Open Translation @ Helsinki	Timothee Mickus, Stig-Arne Grönroos, Joseph Attieh, Michele Boggia, Ona de Gibert, Shaoxiong Ji, Niki Andreas Loppi, Alessandro Raganato, Raúl Vázquez and Jörg Tiedemann	Demo	Demo	Session 10	In Person		D-3	Radisson	
Session 10	2024-03-20	11:00	12:30	DEMO-57	DEMO-57	LLMeBench: A Flexible Framework for Accelerating LLMs Benchmarking	Fahim Dalvi, Maram Hasanain, Sabri Boughorbel, Basel Mousi, Samir Abdaljalil, Nizi Nazar, Ahmed Abdelali, Shammur Absar Chowdhury, Hamdy Mubarak, Ahmed Ali, Majd Hawasly, Nadir Durrani and Firoj Alam	Demo	Demo	Session 10	In Person		D-2	Radisson	
Session 10	2024-03-20	11:00	12:30	DEMO-61	DEMO-61	Sig-Networks Toolkit: Signature Networks for Longitudinal Language Modelling	Talia Tseriotou, Ryan Chan, Adam Tsakalidis, Iman Munire Bilal, Elena Kochkina, Terry Lyons and Maria Liakata	Demo	Demo	Session 10	In Person		D-4	Radisson	
Session 11	2024-03-20	14:00	14:45	36	36	Zero-shot Sentiment Analysis in Low-Resource Languages Using a Multilingual Sentiment Lexicon	Fajri Koto, Tilman Beck, Zeerak Talat, Iryna Gurevych, Timothy Baldwin	Poster	Efficient/Low-resource methods in NLP	Session 11	Virtual			GatherTown	
Session 4	2024-03-18	16:00	17:30	135	135	VOLTAGE: A Versatile Contrastive Learning based OCR Methodology for ultra low-resource scripts through Auto Glyph Feature Extraction	Prawaal Sharma, Poonam Goyal, Vidisha Sharma, Navneet Goyal	Poster	Interpretability and Model Analysis in NLP	Session 4	In Person		38	Radisson	
Session 11	2024-03-20	14:00	14:45	200	200	VlogQA: Task, Dataset, and Baseline Models for Vietnamese Spoken-Based Machine Reading Comprehension	Thinh Phuoc Ngo, Khoa Tran Anh Dang, Son T. Luu, Kiet Van Nguyen, Ngan Luu-Thuy Nguyen	Poster	Efficient/Low-resource methods in NLP	Session 11	Virtual			GatherTown	
Session 11	2024-03-20	14:00	14:45	208	208	ViLexNorm: A Lexical Normalization Corpus for Vietnamese Social Media Text	Thanh-Nhi Nguyen, Thanh-Phong Le, Kiet Van Nguyen	Poster	Efficient/Low-resource methods in NLP	Session 11	Virtual			GatherTown	
Session 11	2024-03-20	14:00	14:45	331	331	Zero-Shot End-to-End Spoken Language Understanding via Cross-Modal Selective Self-Training	Jianfeng He, Julian Salazar, Kaisheng Yao, Haoqi Li, Jason Cai	Poster	Efficient/Low-resource methods in NLP	Session 11	Virtual			GatherTown	
Session 11	2024-03-20	14:00	14:45	353	353	Localization vs. Semantics: Visual Representations in Unimodal and Multimodal Models	Zhuowan Li, Cihang Xie, Benjamin Van Durme, Alan Yuille	Poster	Generation	Session 11	Virtual			GatherTown	
Session 11	2024-03-20	14:00	14:45	119	119	On the Relationship between Sentence Analogy Identification and Sentence Structure Encoding in Large Language Models	Thilini Wijesiriwardene, Ruwan Wickramarachchi, Aishwarya Naresh Reganti, Vinija Jain, Aman Chadha, Amit P. Sheth, Amitava Das	Poster	Interpretability and Model Analysis in NLP	Session 11	Virtual			GatherTown	
Session 11	2024-03-20	14:00	14:45	229	229	Explaining Language Model Predictions with High-Impact Concepts	Ruochen Zhao, Tan Wang, Yongjie Wang, Shafiq Joty	Poster	Interpretability and Model Analysis in NLP	Session 11	Virtual			GatherTown	
Session 11	2024-03-20	14:00	14:45	84	84	GAINER: Graph Machine Learning with Node-specific Radius for Classification of Short Texts and Documents	Naganand Yadati	Poster	Machine Learning for NLP	Session 11	Virtual			GatherTown	
Session 11	2024-03-20	14:00	14:45	95	95	Generation-driven Contrastive Self-training for Zero-shot Text Classification with Instruction-following LLM	Ruohong Zhang, Yau-Shian Wang, Yiming Yang	Poster	Machine Learning for NLP	Session 11	Virtual			GatherTown	
Session 11	2024-03-20	14:00	14:45	276	276	Random Smooth-based Certified Defense against Text Adversarial Attack	Zeliang Zhang	Poster	Machine Learning for NLP	Session 11	Virtual			GatherTown	
Session 11	2024-03-20	14:00	14:45	358	358	Exploiting Class Probabilities for Black-box Sentence-level Attacks	Raha Moraffah, huan liu	Poster	Machine Learning for NLP	Session 11	Virtual			GatherTown	
Session 11	2024-03-20	14:00	14:45	360	360	Learning Label Hierarchy with Supervised Contrastive Learning	Ruixue Lian, William A. Sethares, Junjie Hu	Poster	Machine Learning for NLP	Session 11	Virtual			GatherTown	
Session 11	2024-03-20	14:00	14:45	111	111	Importance-Aware Data Augmentation for Document-Level Neural Machine Translation	Minghao Wu, Yufei Wang, George Foster, Lizhen Qu, Gholamreza Haffari	Poster	Machine Translation	Session 11	Virtual			GatherTown	
Session 11	2024-03-20	14:00	14:45	228	228	CharSpan: Utilizing Lexical Similarity to Enable Zero-Shot Machine Translation for Extremely Low-resource Languages	Kaushal Kumar Maurya, Rahul Kejriwal, Maunendra Sankar Desarkar, Anoop Kunchukuttan	Poster	Machine Translation	Session 11	Virtual			GatherTown	
Session 11	2024-03-20	14:00	14:45	223	223	SCO-VIST: Social Interaction Commonsense Knowledge-based Visual Storytelling	Eileen Wang, Caren Han, Josiah Poon	Poster	Multimodality and Language Grounding to Vision, Robotics and Beyond	Session 11	Virtual			GatherTown	
Session 11	2024-03-20	14:00	14:45	265	265	IndiFoodVQA: A Knowledge-Aware Reasoning-Based Visual Question Answering Dataset for Indian Food Dishes	Pulkit Agarwal, Settaluri Lakshmi Sravanthi, Pushpak Bhattacharyya	Poster	Multimodality and Language Grounding to Vision, Robotics and Beyond	Session 11	Virtual			GatherTown	
Session 11	2024-03-20	14:00	14:45	10	10	Next Visit Diagnosis Prediction via Medical Code-Centric Multimodal Contrastive EHR Modelling with Hierarchical Regularisation	Heejoon Koo	Poster	NLP Applications	Session 11	Virtual			GatherTown	
Session 11	2024-03-20	14:00	14:45	32	32	FinBPM: A Framework for Portfolio Management-based Financial Investor Behavior Perception Model	Zhilu Zhang, Procheta Sen, Zimu Wang, Ruoyu Sun, Zhengyong Jiang, Jionglong Su	Poster	NLP Applications	Session 11	Virtual			GatherTown	
Session 11	2024-03-20	14:00	14:45	120	120	Contextualization Distillation from Large Language Model for Knowledge Graph Completion	Dawei Li, Zhen Tan, Tianlong Chen, huan liu	Poster	NLP Applications	Session 11	Virtual			GatherTown	
Session 11	2024-03-20	14:00	14:45	219	219	Style-News: Incorporating Stylized News Generation and Adversarial Verification for Neural Fake News Detection	Wei-Yao Wang, Yu-Chieh Chang, Wen-Chih Peng	Poster	NLP Applications	Session 11	Virtual			GatherTown	
Session 11	2024-03-20	14:00	14:45	273	273	UP5: Unbiased Foundation Model for Fairness-aware Recommendation	Wenyue Hua, Yingqiang Ge, Shuyuan Xu, jianchao ji, Zelong Li, Yongfeng Zhang	Poster	NLP Applications	Session 11	Virtual			GatherTown	
Session 11	2024-03-20	14:00	14:45	289	289	Syllable-level lyrics generation from melody exploiting character-level language model	Zhe Zhang, Karol Lasocki, Yi Yu, Atsuhiro Takasu	Poster	NLP Applications	Session 11	Virtual			GatherTown	
Session 11	2024-03-20	14:00	14:45	402	402	Threat Behavior Textual Search by Attention Graph Isomorphism	Chanwoo Bae, Guanhong Tao, ZHUO ZHANG, Xiangyu Zhang	Poster	NLP Applications	Session 11	Virtual			GatherTown	
Session 11	2024-03-20	14:00	14:45	426	426	Towards Evidentiality-Aware Retrieval for Abstractive Tasks: Overcoming Abstractiveness in Open-Domain Question Answering	Yongho Song, Dahyun Lee, Myungha Jang, seung-won hwang, Kyungjae Lee, Dongha Lee, Jinyoung Yeo	Poster	Question Answering	Session 11	In Person			Radisson	
Session 11	2024-03-20	14:00	14:45	426	426	Evidentiality-aware Retrieval for Overcoming Abstractiveness in Open-Domain Question Answering	Yongho Song, Dahyun Lee, Myungha Jang, seung-won hwang, Kyungjae Lee, Dongha Lee, Jinyoung Yeo	Poster	Question Answering	Session 11	Virtual			GatherTown	
Session 11	2024-03-20	14:00	14:45	11	11	Generating Benchmarks for Factuality Evaluation of Language Models	Dor Muhlgay, Ori Ram, Inbal Magar, Yoav Levine, Nir Ratner, Yonatan Belinkov, Omri Abend, Kevin Leyton-Brown, Amnon Shashua, Yoav Shoham	Poster	Resources and Evaluation	Session 11	Virtual			GatherTown	
Session 11	2024-03-20	14:00	14:45	145	145	Towards Context-Based Violence Detection: A Korean Crime Dialogue Dataset	Minju Kim, Heuiyeen Yeen, Myoung-Wan Koo	Poster	Resources and Evaluation	Session 11	Virtual			GatherTown	
Session 11	2024-03-20	14:00	14:45	196	196	Multi-Reference Benchmarks for Russian Grammatical Error Correction	Frank Palma Gomez, Alla Rozovskaya	Poster	Resources and Evaluation	Session 11	Virtual			GatherTown	
Session 11	2024-03-20	14:00	14:45	234	234	WSC+: Enhancing The Winograd Schema Challenge Using Tree-of-Experts	Pardis Sadat Zahraei, Ali Emami	Poster	Resources and Evaluation	Session 11	Virtual			GatherTown	
Session 11	2024-03-20	14:00	14:45	386	386	A Multimodal Framework to Detect Target Aware Aggression in Memes	Shawly Ahsan, Eftekhar Hossain, Omar Sharif, Avishek Das, Mohammed Moshiul Hoque, M. Ali Akber Dewan	Poster	Resources and Evaluation	Session 11	Virtual			GatherTown	
Session 11	2024-03-20	14:00	14:45	467	467	BMX: Boosting Natural Language Generation Metrics with Explainability	Christoph Leiter, Hoa Nguyen, Steffen Eger	Poster	Resources and Evaluation	Session 11	Virtual			GatherTown	
Session 11	2024-03-20	14:00	14:45	332	332	Antonym vs Synonym Distinction using InterlaCed Encoder NETworks (ICE-NET)	Muhammad Asif Ali, Yan HU, Jianbin Qin, Di Wang	Poster	Semantics: Lexical	Session 11	In Person			Radisson	
Session 11	2024-03-20	14:00	14:45	59	59	Modeling Aspect Sentiment Coherency via Local Sentiment Aggregation	Heng Yang, Ke Li	Poster	Sentiment Analysis, Stylistic Analysis and Argument Mining	Session 11	Virtual			GatherTown	
Session 11	2024-03-20	14:00	14:45	DEMO-47	DEMO-47	DocChecker: Bootstrapping Code Large Language Model for Detecting and Resolving Code-Comment Inconsistencies	Anh Dau, Jin L.C. Guo and Nghi Bui	Demo	Demo	Session 11	In Person			Radisson	
Session 11	2024-03-20	14:00	14:45	DEMO-38	DEMO-38	RAGAs: Automated Evaluation of Retrieval Augmented Generation	Shahul Es, Jithin James, Luis Espinosa Anke and Steven Schockaert	Demo	Demo	Session 11	In Person			Radisson	
Session 11	2024-03-20	14:00	14:45	DEMO-40	DEMO-40	NeuroPrompts: An Adaptive Framework to Optimize Prompts for Text-to-Image Generation	‫Shachar Rosenman, Vasudev Lal and Phillip Howard	Demo	Demo	Session 11	In Person			Radisson	
Session 11	2024-03-20	14:00	14:45	DEMO-8	DEMO-8	pyTLEX: A Python Library for TimeLine EXtraction	Akul Singh, Jared Hummer, Mustafa Ocal and Mark Finlayson	Demo	Demo	Session 11	In Person			Radisson	
Session 9	2024-03-20	9:00	10:30	302	302	Answering legal questions from laymen in German civil law system	Marius Büttner, Ivan Habernal	Poster	NLP Applications	Session 9	In Person		14	Radisson	
Session 9	2024-03-20	9:00	10:30	258	258	Autism Detection in Speech – A Survey	Nadine Probol, Margot Mieskes	Poster	Machine Learning for NLP	Session 9	In Person		1	Radisson	
Session 9	2024-03-20	9:00	10:30	376	376	Autoregressive Score Generation for Multi-trait Essay Scoring	Heejin Do, Yunsu Kim, Gary Lee	Poster	NLP Applications	Session 9	In Person		15	Radisson	
Session 9	2024-03-20	9:00	10:30	453	453	Backward Compatibility During Data Updates by Weight Interpolation	Raphael Schumann, Elman Mansimov, Yi-An Lai, Nikolaos Pappas, Xibin Gao, Yi Zhang	Poster	Machine Learning for NLP	Session 9	In Person		2	Radisson	
Session 9	2024-03-20	9:00	10:30	318	318	Comparing Knowledge Sources for Open-Domain Scientific Claim Verification	Juraj Vladika, Florian Matthes	Poster	NLP Applications	Session 9	In Person		16	Radisson	
Session 9	2024-03-20	9:00	10:30	187	187	Consistent Joint Decision-Making with Heterogeneous Learning Models	Hossein Rajaby Faghihi, Parisa Kordjamshidi	Poster	Machine Learning for NLP	Session 9	In Person		3	Radisson	
Session 9	2024-03-20	9:00	10:30	466	466	CReSE: Benchmark Data and Automatic Evaluation Framework for Recommending Eligibility Criteria from Clinical Trial Information	Siun Kim, Jung-Hyun Won, David Lee, Renqian Luo, Lijun Wu, Tao Qin, Howard Lee	Poster	NLP Applications	Session 9	In Person		17	Radisson	
Session 9	2024-03-20	9:00	10:30	TACL2	TACL2	Do Text Simplification Systems Convey Correct Information? A Human Evaluation via Reading Comprehension	Sweta Agrawal, Carpuat Marine	Poster	NLP Applications	Session 9	In Person		18	Radisson	
Session 9	2024-03-20	9:00	10:30	294	294	Enhancing Society-Undermining Disinformation Detection through Fine-Grained Sentiment Analysis Pre-Finetuning	Tsung-Hsuan Pan, Chung-Chi Chen, Hen-Hsen Huang, Hsin-Hsi Chen	Poster	NLP Applications	Session 9	In Person		19	Radisson	
Session 9	2024-03-20	9:00	10:30	105	105	Entity Linking in the Job Market Domain	Mike Zhang, Rob van der Goot, Barbara Plank	Poster	NLP Applications	Session 9	In Person		20	Radisson	
Session 9	2024-03-20	9:00	10:30	67	67	Equipping Language Models with Tool Use Capability for Tabular Data Analysis in Finance	Adrian Theuma, Ehsan Shareghi	Poster	NLP Applications	Session 9	Virtual		21	GatherTown	
Session 9	2024-03-20	9:00	10:30	48	48	EXPLORER: Exploration-guided Reasoning for Textual Reinforcement Learning	Kinjal Basu, Keerthiram Murugesan, Subhajit Chaudhury, Murray Campbell, Kartik Talamadupula, Tim Klinger	Poster	Machine Learning for NLP	Session 9	In Person		4	Radisson	
Session 9	2024-03-20	9:00	10:30	472	472	Exploring hybrid approaches to readability: experiments on the complementarity between linguistic features and transformers	Rodrigo Wilkens, Patrick Watrin, Rémi Cardon, Alice Pintard, Isabelle Gribomont, Thomas François	Poster	Machine Learning for NLP	Session 9	In Person		5	Radisson	
Session 9	2024-03-20	9:00	10:30	460	460	Generative Interpretation: Toward Human-Like Evaluation for Educational Question-Answer Pair Generation	Hyeonseok Moon, Jaewook Lee, Sugyeong Eo, Chanjun Park, Jaehyung Seo, Heuiseok Lim	Poster	NLP Applications	Session 9	In Person		22	Radisson	
Session 9	2024-03-20	9:00	10:30	458	458	Gradient-Based Language Model Red Teaming	Nevan Wichers, Carson Denison, Ahmad Beirami	Poster	Machine Learning for NLP	Session 9	In Person		6	Radisson	
Session 9	2024-03-20	9:00	10:30	227	227	Learning High-Quality and General-Purpose Phrase Representations	Lihu Chen, Gael Varoquaux, Fabian M. Suchanek	Poster	Machine Learning for NLP	Session 9	In Person		7	Radisson	
Session 9	2024-03-20	9:00	10:30	320	320	LegalLens: Leveraging LLMs for Legal Violation Identification in Unstructured Text	Dor Bernsohn, Gil Semo, Yaron Vazana, Gila Hayat, Ben Hagag, Joel Niklaus, Rohit Saha, Kyryl Truskovskyi	Poster	NLP Applications	Session 9	In Person		23	Radisson	
Session 9	2024-03-20	9:00	10:30	308	308	Leveraging ChatGPT in Pharmacovigilance Event Extraction: An Empirical Study	ZHAOYUE SUN, Gabriele Pergola, Byron C Wallace, Yulan He	Poster	NLP Applications	Session 9	In Person		24	Radisson	
Session 9	2024-03-20	9:00	10:30	35	35	Like a Good Nearest Neighbor: Practical Content Moderation and Text Classification	Luke Bates, Iryna Gurevych	Poster	NLP Applications	Session 9	In Person		25	Radisson	
Session 9	2024-03-20	9:00	10:30	23	23	LLM Comparative Assessment: Zero-shot NLG Evaluation through Pairwise Comparisons using Large Language Models	Adian Liusie, Potsawee Manakul, Mark Gales	Poster	NLP Applications	Session 9	In Person		26	Radisson	
Session 9	2024-03-20	9:00	10:30	270	270	MAPLE: Micro Analysis of Pairwise Language Evolution for Few-Shot Claim Verification	Xia Zeng, Arkaitz Zubiaga	Poster	NLP Applications	Session 9	In Person		27	Radisson	
Session 9	2024-03-20	9:00	10:30	319	319	Measuring Uncertainty in Neural Machine Translation with Similarity-Sensitive Entropy	Julius Cheng, Andreas Vlachos	Poster	Machine Learning for NLP	Session 9	In Person		8	Radisson	
Session 9	2024-03-20	9:00	10:30	291	291	Monolingual or Multilingual Instruction Tuning: Which Makes a Better Alpaca	Pinzhen Chen, Shaoxiong Ji, Nikolay Bogoychev, Andrey Kutuzov, Barry Haddow, Kenneth Heafield	Poster	NLP Applications	Session 9	In Person		28	Radisson	
Session 9	2024-03-20	9:00	10:30	10	10	Next Visit Diagnosis Prediction via Medical Code-Centric Multimodal Contrastive EHR Modelling with Hierarchical Regularisation	Heejoon Koo	Poster	NLP Applications	Session 9	In Person		29	Radisson	
Session 9	2024-03-20	9:00	10:30	80	80	NNOSE: Nearest Neighbor Occupational Skill Extraction	Mike Zhang, Rob van der Goot, Min-Yen Kan, Barbara Plank	Poster	NLP Applications	Session 9	In Person		30	Radisson	
Session 9	2024-03-20	9:00	10:30	424	424	Non-Exchangeable Conformal Language Generation with Nearest Neighbors	Dennis Thomas Ulmer, Chrysoula Zerva, Andre Martins	Poster	Machine Learning for NLP	Session 9	In Person		9	Radisson	
Session 9	2024-03-20	9:00	10:30	401	401	Parameter-Efficient Fine-Tuning: Is There An Optimal Subset of Parameters to Tune?	Max Ploner, Alan Akbik	Poster	Machine Learning for NLP	Session 9	In Person		10	Radisson	
Session 9	2024-03-20	9:00	10:30	281	281	Polarized Opinion Detection Improves the Detection of Toxic Language	John Pavlopoulos, Aristidis Likas	Poster	Machine Learning for NLP	Session 9	In Person		11	Radisson	
Session 9	2024-03-20	9:00	10:30	79	79	PRILoRA: Pruned and Rank-Increasing Low-Rank Adaptation	Nadav Benedek, Lior Wolf	Poster	Machine Learning for NLP	Session 9	In Person		12	Radisson	
Session 9	2024-03-20	9:00	10:30	192	192	Reconstruction of Ancient Hebrew and Aramaic Texts Using Transformers	Niv Fono, Harel Moshayof, Eldar Karol, Itai Assraf, Mark Last	Poster	NLP Applications	Session 9	In Person		31	Radisson	
Session 9	2024-03-20	9:00	10:30	393	393	Should I try multiple optimizers when fine-tuning a pre-trained Transformer for NLP tasks? Should I tune their hyperparameters?	Nefeli Gkouti, Prodromos Malakasiotis, Stavros Toumpis, Ion Androutsopoulos	Poster	Machine Learning for NLP	Session 9	In Person		13	Radisson	
Session 9	2024-03-20	9:00	10:30	DEMO-6	DEMO-6	kNN-BOX: A Unified Framework for Nearest Neighbor Generation	Wenhao Zhu, Qianfeng Zhao, Yunzhe Lv, Shujian Huang, Siheng Zhao, Sizhe Liu and Jiajun CHEN	Demo	Demo	Session 9	In Person		D-2	Radisson	
Session 9	2024-03-20	9:00	10:30	DEMO-14	DEMO-14	NESTLE: a No-Code Tool for Statistical Analysis of Legal Corpus	Kyoungyeon Cho, Seungkum Han, Young Rok Choi and Wonseok Hwang	Demo	Demo	Session 9	In Person		D-4	Radisson	
Session 9	2024-03-20	9:00	10:30	DEMO-35	DEMO-35	GeospaCy: A tool for extraction and geographical referencing of spatial expressions in textual data	Syed Mehtab Alam, Elena Arsevska, Mathieu Roche and Maguelonne Teisseire	Demo	Demo	Session 9	In Person		D-1	Radisson	
Session 9	2024-03-20	9:00	10:30	DEMO-42	DEMO-42	MEGAnno+: A Human-LLM Collaborative Annotation System	Hannah Kim, Kushan Mitra, Rafael Li Chen, Sajjadur Rahman and Dan Zhang	Demo	Demo	Session 9	In Person		D-3	Radisson	
